trial,ns
0,219.0
1,47.0
2,48.0
3,48.0
4,47.0
5,48.0
6,48.0
7,48.0
8,48.0
9,46.0
10,46.0
11,46.0
12,46.0
13,49.0
14,48.0
15,48.0
16,48.0
17,47.0
18,48.0
19,47.0
20,47.0
21,48.0
22,47.0
23,48.0
24,46.0
25,47.0
26,46.0
27,47.0
28,46.0
29,48.0
30,47.0
31,48.0
32,47.0
33,46.0
34,47.0
35,48.0
36,48.0
37,47.0
38,47.0
39,48.0
40,46.0
41,47.0
42,49.0
43,47.0
44,47.0
45,46.0
46,45.0
47,48.0
48,47.0
49,48.0
50,47.0
51,46.0
52,49.0
53,48.0
54,48.0
55,47.0
56,47.0
57,48.0
58,48.0
59,48.0
60,47.0
61,46.0
62,48.0
63,48.0
64,49.0
65,45.0
66,47.0
67,48.0
68,47.0
69,45.0
70,49.0
71,48.0
72,48.0
73,46.0
74,46.0
75,48.0
76,48.0
77,46.0
78,46.0
79,48.0
80,48.0
81,46.0
82,46.0
83,47.0
84,47.0
85,46.0
86,46.0
87,48.0
88,48.0
89,45.0
90,47.0
91,48.0
92,47.0
93,47.0
94,48.0
95,48.0
96,47.0
97,47.0
98,48.0
99,47.0
100,49.0
101,47.0
102,46.0
103,45.0
104,47.0
105,48.0
106,46.0
107,48.0
108,47.0
109,46.0
110,48.0
111,48.0
112,47.0
113,48.0
114,48.0
115,45.0
116,47.0
117,48.0
118,45.0
119,47.0
120,48.0
121,46.0
122,48.0
123,48.0
124,46.0
125,48.0
126,49.0
127,48.0
128,48.0
129,46.0
130,47.0
131,47.0
132,46.0
133,47.0
134,48.0
135,46.0
136,47.0
137,48.0
138,48.0
139,48.0
140,46.0
141,48.0
142,49.0
143,47.0
144,47.0
145,45.0
146,48.0
147,48.0
148,47.0
149,48.0
150,46.0
151,48.0
152,48.0
153,48.0
154,47.0
155,45.0
156,48.0
157,46.0
158,48.0
159,48.0
160,47.0
161,47.0
162,46.0
163,48.0
164,48.0
165,48.0
166,47.0
167,46.0
168,48.0
169,47.0
170,48.0
171,48.0
172,48.0
173,49.0
174,48.0
175,48.0
176,47.0
177,48.0
178,48.0
179,48.0
180,45.0
181,48.0
182,48.0
183,48.0
184,47.0
185,47.0
186,49.0
187,48.0
188,46.0
189,48.0
190,47.0
191,46.0
192,48.0
193,47.0
194,46.0
195,47.0
196,47.0
197,46.0
198,48.0
199,48.0
200,47.0
201,49.0
202,47.0
203,46.0
204,48.0
205,47.0
206,45.0
207,49.0
208,47.0
209,46.0
210,48.0
211,47.0
212,46.0
213,48.0
214,48.0
215,48.0
216,46.0
217,48.0
218,48.0
219,47.0
220,46.0
221,47.0
222,47.0
223,46.0
224,48.0
225,48.0
226,49.0
227,48.0
228,47.0
229,48.0
230,45.0
231,47.0
232,48.0
233,47.0
234,46.0
235,48.0
236,47.0
237,49.0
238,47.0
239,48.0
240,47.0
241,48.0
242,46.0
243,47.0
244,48.0
245,47.0
246,47.0
247,46.0
248,48.0
249,48.0
250,49.0
251,45.0
252,47.0
253,48.0
254,46.0
255,47.0
256,45.0
257,48.0
258,47.0
259,48.0
260,47.0
261,46.0
262,47.0
263,47.0
264,47.0
265,48.0
266,46.0
267,47.0
268,47.0
269,48.0
270,48.0
271,46.0
272,48.0
273,48.0
274,47.0
275,47.0
276,48.0
277,46.0
278,46.0
279,48.0
280,47.0
281,47.0
282,48.0
283,47.0
284,46.0
285,47.0
286,47.0
287,48.0
288,48.0
289,48.0
290,47.0
291,46.0
292,47.0
293,47.0
294,49.0
295,46.0
296,48.0
297,47.0
298,47.0
299,46.0
300,47.0
301,46.0
302,48.0
303,48.0
304,48.0
305,48.0
306,48.0
307,47.0
308,46.0
309,46.0
310,46.0
311,46.0
312,46.0
313,47.0
314,48.0
315,47.0
316,48.0
317,47.0
318,47.0
319,46.0
320,47.0
321,47.0
322,48.0
323,47.0
324,48.0
325,46.0
326,46.0
327,47.0
328,46.0
329,48.0
330,47.0
331,47.0
332,48.0
333,46.0
334,48.0
335,48.0
336,48.0
337,47.0
338,47.0
339,46.0
340,46.0
341,48.0
342,47.0
343,47.0
344,49.0
345,47.0
346,46.0
347,47.0
348,48.0
349,48.0
350,48.0
351,46.0
352,46.0
353,48.0
354,48.0
355,48.0
356,47.0
357,48.0
358,47.0
359,48.0
360,47.0
361,47.0
362,49.0
363,48.0
364,47.0
365,49.0
366,46.0
367,49.0
368,48.0
369,48.0
370,49.0
371,47.0
372,48.0
373,48.0
374,48.0
375,46.0
376,48.0
377,48.0
378,48.0
379,47.0
380,49.0
381,47.0
382,48.0
383,46.0
384,48.0
385,48.0
386,46.0
387,47.0
388,47.0
389,48.0
390,47.0
391,49.0
392,48.0
393,48.0
394,45.0
395,49.0
396,48.0
397,46.0
398,47.0
399,47.0
400,47.0
401,47.0
402,48.0
403,48.0
404,49.0
405,48.0
406,47.0
407,48.0
408,46.0
409,46.0
410,49.0
411,46.0
412,48.0
413,48.0
414,45.0
415,48.0
416,49.0
417,46.0
418,48.0
419,48.0
420,46.0
421,48.0
422,48.0
423,46.0
424,48.0
425,48.0
426,46.0
427,48.0
428,48.0
429,47.0
430,48.0
431,47.0
432,46.0
433,47.0
434,47.0
435,48.0
436,47.0
437,46.0
438,46.0
439,46.0
440,46.0
441,47.0
442,48.0
443,47.0
444,47.0
445,46.0
446,47.0
447,46.0
448,47.0
449,48.0
450,46.0
451,47.0
452,46.0
453,47.0
454,47.0
455,46.0
456,47.0
457,48.0
458,46.0
459,48.0
460,46.0
461,45.0
462,48.0
463,47.0
464,46.0
465,48.0
466,47.0
467,47.0
468,46.0
469,47.0
470,48.0
471,46.0
472,46.0
473,48.0
474,47.0
475,46.0
476,47.0
477,46.0
478,46.0
479,48.0
480,46.0
481,45.0
482,47.0
483,46.0
484,47.0
485,46.0
486,47.0
487,47.0
488,46.0
489,46.0
490,47.0
491,47.0
492,45.0
493,47.0
494,49.0
495,47.0
496,47.0
497,46.0
498,46.0
499,46.0
500,46.0
501,47.0
502,47.0
503,46.0
504,48.0
505,46.0
506,46.0
507,46.0
508,46.0
509,47.0
510,46.0
511,48.0
512,47.0
513,46.0
514,46.0
515,49.0
516,46.0
517,48.0
518,46.0
519,49.0
520,47.0
521,46.0
522,46.0
523,48.0
524,46.0
525,46.0
526,46.0
527,49.0
528,47.0
529,47.0
530,46.0
531,48.0
532,46.0
533,47.0
534,45.0
535,48.0
536,47.0
537,47.0
538,46.0
539,45.0
540,47.0
541,46.0
542,46.0
543,47.0
544,46.0
545,47.0
546,45.0
547,46.0
548,46.0
549,46.0
550,48.0
551,46.0
552,47.0
553,47.0
554,46.0
555,46.0
556,46.0
557,46.0
558,47.0
559,46.0
560,46.0
561,47.0
562,46.0
563,47.0
564,46.0
565,46.0
566,47.0
567,47.0
568,46.0
569,46.0
570,47.0
571,46.0
572,46.0
573,45.0
574,48.0
575,47.0
576,46.0
577,46.0
578,46.0
579,47.0
580,46.0
581,46.0
582,47.0
583,45.0
584,46.0
585,47.0
586,46.0
587,46.0
588,47.0
589,47.0
590,46.0
591,47.0
592,47.0
593,46.0
594,46.0
595,46.0
596,46.0
597,46.0
598,47.0
599,46.0
600,48.0
601,47.0
602,45.0
603,47.0
604,46.0
605,46.0
606,47.0
607,47.0
608,46.0
609,46.0
610,47.0
611,47.0
612,46.0
613,47.0
614,46.0
615,46.0
616,48.0
617,46.0
618,46.0
619,46.0
620,48.0
621,47.0
622,45.0
623,46.0
624,46.0
625,48.0
626,46.0
627,46.0
628,47.0
629,46.0
630,46.0
631,49.0
632,46.0
633,46.0
634,47.0
635,46.0
636,47.0
637,46.0
638,46.0
639,46.0
640,46.0
641,49.0
642,46.0
643,46.0
644,46.0
645,46.0
646,46.0
647,46.0
648,46.0
649,47.0
650,46.0
651,47.0
652,46.0
653,47.0
654,46.0
655,45.0
656,46.0
657,47.0
658,48.0
659,46.0
660,47.0
661,47.0
662,47.0
663,46.0
664,46.0
665,47.0
666,46.0
667,46.0
668,47.0
669,48.0
670,46.0
671,47.0
672,45.0
673,47.0
674,45.0
675,46.0
676,48.0
677,46.0
678,47.0
679,47.0
680,46.0
681,46.0
682,47.0
683,48.0
684,46.0
685,45.0
686,48.0
687,46.0
688,46.0
689,46.0
690,47.0
691,46.0
692,46.0
693,48.0
694,46.0
695,45.0
696,46.0
697,46.0
698,47.0
699,46.0
700,47.0
701,47.0
702,46.0
703,47.0
704,48.0
705,46.0
706,46.0
707,48.0
708,46.0
709,46.0
710,48.0
711,46.0
712,46.0
713,48.0
714,47.0
715,45.0
716,47.0
717,46.0
718,48.0
719,45.0
720,46.0
721,48.0
722,46.0
723,46.0
724,46.0
725,46.0
726,48.0
727,46.0
728,45.0
729,46.0
730,46.0
731,48.0
732,46.0
733,46.0
734,46.0
735,46.0
736,48.0
737,47.0
738,47.0
739,46.0
740,45.0
741,47.0
742,46.0
743,48.0
744,47.0
745,46.0
746,47.0
747,46.0
748,48.0
749,46.0
750,48.0
751,45.0
752,46.0
753,47.0
754,47.0
755,48.0
756,47.0
757,46.0
758,46.0
759,47.0
760,49.0
761,45.0
762,48.0
763,46.0
764,46.0
765,49.0
766,47.0
767,46.0
768,46.0
769,48.0
770,48.0
771,47.0
772,46.0
773,48.0
774,47.0
775,45.0
776,47.0
777,46.0
778,46.0
779,47.0
780,47.0
781,46.0
782,48.0
783,46.0
784,47.0
785,45.0
786,46.0
787,48.0
788,46.0
789,46.0
790,46.0
791,45.0
792,46.0
793,49.0
794,46.0
795,46.0
796,48.0
797,46.0
798,46.0
799,48.0
800,47.0
801,46.0
802,46.0
803,47.0
804,46.0
805,46.0
806,46.0
807,46.0
808,47.0
809,47.0
810,46.0
811,47.0
812,46.0
813,48.0
814,48.0
815,46.0
816,47.0
817,45.0
818,46.0
819,47.0
820,46.0
821,46.0
822,46.0
823,46.0
824,48.0
825,46.0
826,47.0
827,48.0
828,46.0
829,46.0
830,46.0
831,48.0
832,46.0
833,46.0
834,47.0
835,47.0
836,47.0
837,45.0
838,46.0
839,47.0
840,46.0
841,46.0
842,47.0
843,46.0
844,46.0
845,48.0
846,46.0
847,46.0
848,46.0
849,46.0
850,47.0
851,47.0
852,46.0
853,46.0
854,47.0
855,47.0
856,46.0
857,46.0
858,46.0
859,48.0
860,46.0
861,46.0
862,47.0
863,46.0
864,46.0
865,48.0
866,46.0
867,45.0
868,47.0
869,46.0
870,46.0
871,47.0
872,46.0
873,46.0
874,46.0
875,45.0
876,48.0
877,46.0
878,46.0
879,46.0
880,47.0
881,46.0
882,46.0
883,46.0
884,46.0
885,45.0
886,46.0
887,46.0
888,46.0
889,46.0
890,46.0
891,46.0
892,46.0
893,45.0
894,47.0
895,46.0
896,46.0
897,46.0
898,46.0
899,47.0
900,49.0
901,46.0
902,47.0
903,46.0
904,47.0
905,46.0
906,45.0
907,46.0
908,47.0
909,46.0
910,46.0
911,46.0
912,47.0
913,47.0
914,46.0
915,46.0
916,46.0
917,47.0
918,47.0
919,47.0
920,46.0
921,47.0
922,46.0
923,49.0
924,46.0
925,46.0
926,46.0
927,46.0
928,46.0
929,47.0
930,47.0
931,46.0
932,46.0
933,46.0
934,48.0
935,47.0
936,46.0
937,46.0
938,46.0
939,49.0
940,46.0
941,46.0
942,45.0
943,48.0
944,47.0
945,46.0
946,45.0
947,48.0
948,46.0
949,46.0
950,46.0
951,47.0
952,47.0
953,46.0
954,45.0
955,47.0
956,47.0
957,46.0
958,46.0
959,46.0
960,46.0
961,46.0
962,47.0
963,46.0
964,46.0
965,49.0
966,46.0
967,47.0
968,46.0
969,47.0
970,47.0
971,46.0
972,48.0
973,47.0
974,46.0
975,47.0
976,47.0
977,46.0
978,46.0
979,46.0
980,47.0
981,48.0
982,45.0
983,46.0
984,49.0
985,46.0
986,46.0
987,48.0
988,46.0
989,46.0
990,48.0
991,47.0
992,46.0
993,47.0
994,47.0
995,47.0
996,46.0
997,46.0
998,48.0
999,45.0
1000,46.0
1001,47.0
1002,47.0
1003,46.0
1004,46.0
1005,46.0
1006,47.0
1007,46.0
1008,45.0
1009,46.0
1010,47.0
1011,48.0
1012,46.0
1013,46.0
1014,48.0
1015,47.0
1016,46.0
1017,47.0
1018,46.0
1019,46.0
1020,47.0
1021,48.0
1022,46.0
1023,46.0
1024,46.0
1025,46.0
1026,48.0
1027,46.0
1028,47.0
1029,46.0
1030,46.0
1031,45.0
1032,46.0
1033,47.0
1034,47.0
1035,48.0
1036,47.0
1037,47.0
1038,46.0
1039,47.0
1040,48.0
1041,45.0
1042,45.0
1043,47.0
1044,47.0
1045,47.0
1046,47.0
1047,46.0
1048,46.0
1049,48.0
1050,46.0
1051,47.0
1052,46.0
1053,48.0
1054,47.0
1055,45.0
1056,47.0
1057,46.0
1058,49.0
1059,47.0
1060,46.0
1061,48.0
1062,48.0
1063,46.0
1064,47.0
1065,47.0
1066,45.0
1067,46.0
1068,46.0
1069,48.0
1070,46.0
1071,47.0
1072,46.0
1073,47.0
1074,46.0
1075,47.0
1076,45.0
1077,47.0
1078,48.0
1079,46.0
1080,47.0
1081,46.0
1082,46.0
1083,47.0
1084,45.0
1085,47.0
1086,46.0
1087,46.0
1088,48.0
1089,46.0
1090,46.0
1091,47.0
1092,46.0
1093,46.0
1094,48.0
1095,48.0
1096,46.0
1097,46.0
1098,48.0
1099,46.0
1100,46.0
1101,46.0
1102,46.0
1103,45.0
1104,46.0
1105,48.0
1106,46.0
1107,45.0
1108,46.0
1109,49.0
1110,47.0
1111,47.0
1112,46.0
1113,48.0
1114,46.0
1115,47.0
1116,46.0
1117,48.0
1118,46.0
1119,47.0
1120,46.0
1121,46.0
1122,46.0
1123,46.0
1124,46.0
1125,48.0
1126,48.0
1127,45.0
1128,46.0
1129,46.0
1130,48.0
1131,46.0
1132,47.0
1133,47.0
1134,46.0
1135,48.0
1136,45.0
1137,47.0
1138,47.0
1139,47.0
1140,49.0
1141,47.0
1142,47.0
1143,46.0
1144,46.0
1145,47.0
1146,45.0
1147,46.0
1148,46.0
1149,45.0
1150,47.0
1151,48.0
1152,46.0
1153,46.0
1154,47.0
1155,47.0
1156,46.0
1157,47.0
1158,46.0
1159,47.0
1160,47.0
1161,46.0
1162,46.0
1163,46.0
1164,48.0
1165,47.0
1166,46.0
1167,46.0
1168,46.0
1169,47.0
1170,48.0
1171,47.0
1172,47.0
1173,45.0
1174,46.0
1175,46.0
1176,46.0
1177,46.0
1178,48.0
1179,46.0
1180,46.0
1181,47.0
1182,46.0
1183,46.0
1184,47.0
1185,46.0
1186,45.0
1187,46.0
1188,44.0
1189,46.0
1190,46.0
1191,47.0
1192,47.0
1193,46.0
1194,46.0
1195,48.0
1196,47.0
1197,46.0
1198,46.0
1199,46.0
1200,47.0
1201,46.0
1202,46.0
1203,48.0
1204,45.0
1205,46.0
1206,46.0
1207,45.0
1208,47.0
1209,46.0
1210,46.0
1211,46.0
1212,47.0
1213,47.0
1214,46.0
1215,47.0
1216,46.0
1217,46.0
1218,48.0
1219,46.0
1220,46.0
1221,47.0
1222,46.0
1223,47.0
1224,45.0
1225,48.0
1226,47.0
1227,47.0
1228,46.0
1229,45.0
1230,47.0
1231,46.0
1232,46.0
1233,48.0
1234,46.0
1235,47.0
1236,45.0
1237,46.0
1238,47.0
1239,47.0
1240,46.0
1241,46.0
1242,47.0
1243,47.0
1244,47.0
1245,46.0
1246,47.0
1247,46.0
1248,49.0
1249,46.0
1250,47.0
1251,46.0
1252,48.0
1253,47.0
1254,47.0
1255,46.0
1256,46.0
1257,46.0
1258,47.0
1259,46.0
1260,47.0
1261,47.0
1262,46.0
1263,46.0
1264,48.0
1265,46.0
1266,45.0
1267,46.0
1268,46.0
1269,47.0
1270,48.0
1271,46.0
1272,47.0
1273,46.0
1274,46.0
1275,46.0
1276,46.0
1277,46.0
1278,46.0
1279,46.0
1280,48.0
1281,45.0
1282,46.0
1283,47.0
1284,46.0
1285,47.0
1286,48.0
1287,46.0
1288,46.0
1289,48.0
1290,46.0
1291,47.0
1292,48.0
1293,47.0
1294,47.0
1295,46.0
1296,48.0
1297,46.0
1298,47.0
1299,46.0
1300,46.0
1301,48.0
1302,46.0
1303,46.0
1304,46.0
1305,47.0
1306,46.0
1307,47.0
1308,46.0
1309,47.0
1310,47.0
1311,46.0
1312,46.0
1313,46.0
1314,48.0
1315,46.0
1316,46.0
1317,48.0
1318,47.0
1319,47.0
1320,46.0
1321,47.0
1322,46.0
1323,47.0
1324,48.0
1325,45.0
1326,46.0
1327,47.0
1328,46.0
1329,47.0
1330,46.0
1331,46.0
1332,46.0
1333,46.0
1334,46.0
1335,47.0
1336,47.0
1337,46.0
1338,46.0
1339,47.0
1340,46.0
1341,49.0
1342,46.0
1343,48.0
1344,46.0
1345,45.0
1346,47.0
1347,46.0
1348,48.0
1349,47.0
1350,45.0
1351,48.0
1352,47.0
1353,48.0
1354,45.0
1355,45.0
1356,47.0
1357,47.0
1358,46.0
1359,46.0
1360,46.0
1361,46.0
1362,47.0
1363,47.0
1364,47.0
1365,47.0
1366,48.0
1367,46.0
1368,46.0
1369,48.0
1370,45.0
1371,46.0
1372,48.0
1373,46.0
1374,47.0
1375,47.0
1376,47.0
1377,46.0
1378,46.0
1379,47.0
1380,47.0
1381,46.0
1382,46.0
1383,47.0
1384,46.0
1385,47.0
1386,46.0
1387,47.0
1388,47.0
1389,45.0
1390,47.0
1391,46.0
1392,46.0
1393,48.0
1394,45.0
1395,46.0
1396,47.0
1397,46.0
1398,46.0
1399,46.0
1400,47.0
1401,47.0
1402,46.0
1403,48.0
1404,47.0
1405,46.0
1406,47.0
1407,47.0
1408,47.0
1409,47.0
1410,48.0
1411,46.0
1412,47.0
1413,46.0
1414,46.0
1415,46.0
1416,46.0
1417,45.0
1418,47.0
1419,45.0
1420,47.0
1421,46.0
1422,48.0
1423,46.0
1424,47.0
1425,45.0
1426,48.0
1427,47.0
1428,46.0
1429,45.0
1430,46.0
1431,46.0
1432,48.0
1433,45.0
1434,48.0
1435,47.0
1436,46.0
1437,47.0
1438,45.0
1439,48.0
1440,46.0
1441,47.0
1442,46.0
1443,45.0
1444,48.0
1445,46.0
1446,46.0
1447,48.0
1448,46.0
1449,47.0
1450,46.0
1451,46.0
1452,47.0
1453,47.0
1454,46.0
1455,48.0
1456,48.0
1457,47.0
1458,48.0
1459,48.0
1460,48.0
1461,46.0
1462,46.0
1463,46.0
1464,47.0
1465,46.0
1466,48.0
1467,48.0
1468,48.0
1469,48.0
1470,47.0
1471,48.0
1472,45.0
1473,46.0
1474,48.0
1475,47.0
1476,47.0
1477,47.0
1478,48.0
1479,46.0
1480,47.0
1481,46.0
1482,47.0
1483,48.0
1484,47.0
1485,48.0
1486,48.0
1487,47.0
1488,47.0
1489,48.0
1490,47.0
1491,48.0
1492,46.0
1493,47.0
1494,45.0
1495,47.0
1496,47.0
1497,47.0
1498,48.0
1499,48.0
1500,47.0
1501,46.0
1502,49.0
1503,48.0
1504,48.0
1505,48.0
1506,46.0
1507,47.0
1508,48.0
1509,48.0
1510,49.0
1511,45.0
1512,48.0
1513,47.0
1514,47.0
1515,49.0
1516,46.0
1517,48.0
1518,47.0
1519,49.0
1520,46.0
1521,47.0
1522,48.0
1523,47.0
1524,49.0
1525,46.0
1526,47.0
1527,48.0
1528,47.0
1529,48.0
1530,46.0
1531,48.0
1532,48.0
1533,48.0
1534,46.0
1535,48.0
1536,47.0
1537,47.0
1538,45.0
1539,48.0
1540,47.0
1541,46.0
1542,48.0
1543,48.0
1544,48.0
1545,47.0
1546,48.0
1547,47.0
1548,49.0
1549,46.0
1550,48.0
1551,48.0
1552,46.0
1553,46.0
1554,48.0
1555,48.0
1556,46.0
1557,48.0
1558,48.0
1559,45.0
1560,48.0
1561,47.0
1562,47.0
1563,45.0
1564,48.0
1565,48.0
1566,46.0
1567,47.0
1568,49.0
1569,45.0
1570,48.0
1571,48.0
1572,46.0
1573,47.0
1574,47.0
1575,46.0
1576,47.0
1577,48.0
1578,46.0
1579,47.0
1580,47.0
1581,46.0
1582,48.0
1583,48.0
1584,47.0
1585,49.0
1586,48.0
1587,48.0
1588,47.0
1589,48.0
1590,48.0
1591,48.0
1592,45.0
1593,48.0
1594,48.0
1595,45.0
1596,47.0
1597,47.0
1598,48.0
1599,48.0
1600,47.0
1601,47.0
1602,46.0
1603,48.0
1604,48.0
1605,46.0
1606,48.0
1607,48.0
1608,47.0
1609,47.0
1610,46.0
1611,48.0
1612,48.0
1613,48.0
1614,48.0
1615,47.0
1616,48.0
1617,46.0
1618,47.0
1619,48.0
1620,48.0
1621,47.0
1622,46.0
1623,48.0
1624,46.0
1625,48.0
1626,48.0
1627,46.0
1628,48.0
1629,46.0
1630,48.0
1631,47.0
1632,45.0
1633,48.0
1634,48.0
1635,48.0
1636,47.0
1637,46.0
1638,48.0
1639,47.0
1640,46.0
1641,48.0
1642,48.0
1643,47.0
1644,48.0
1645,47.0
1646,47.0
1647,48.0
1648,45.0
1649,47.0
1650,49.0
1651,46.0
1652,48.0
1653,48.0
1654,46.0
1655,48.0
1656,49.0
1657,47.0
1658,48.0
1659,48.0
1660,46.0
1661,48.0
1662,48.0
1663,46.0
1664,48.0
1665,47.0
1666,46.0
1667,48.0
1668,47.0
1669,46.0
1670,47.0
1671,47.0
1672,48.0
1673,48.0
1674,47.0
1675,48.0
1676,45.0
1677,48.0
1678,47.0
1679,46.0
1680,46.0
1681,48.0
1682,48.0
1683,46.0
1684,48.0
1685,47.0
1686,46.0
1687,46.0
1688,47.0
1689,48.0
1690,46.0
1691,46.0
1692,48.0
1693,47.0
1694,46.0
1695,47.0
1696,49.0
1697,48.0
1698,47.0
1699,46.0
1700,48.0
1701,48.0
1702,47.0
1703,46.0
1704,47.0
1705,47.0
1706,49.0
1707,47.0
1708,48.0
1709,47.0
1710,48.0
1711,46.0
1712,47.0
1713,48.0
1714,47.0
1715,48.0
1716,46.0
1717,47.0
1718,48.0
1719,48.0
1720,47.0
1721,46.0
1722,48.0
1723,47.0
1724,48.0
1725,48.0
1726,46.0
1727,45.0
1728,48.0
1729,48.0
1730,48.0
1731,48.0
1732,46.0
1733,47.0
1734,48.0
1735,48.0
1736,48.0
1737,48.0
1738,47.0
1739,46.0
1740,48.0
1741,48.0
1742,47.0
1743,47.0
1744,48.0
1745,46.0
1746,46.0
1747,48.0
1748,47.0
1749,48.0
1750,48.0
1751,47.0
1752,46.0
1753,47.0
1754,47.0
1755,48.0
1756,48.0
1757,47.0
1758,47.0
1759,48.0
1760,48.0
1761,47.0
1762,45.0
1763,47.0
1764,48.0
1765,47.0
1766,48.0
1767,47.0
1768,47.0
1769,46.0
1770,46.0
1771,46.0
1772,46.0
1773,46.0
1774,48.0
1775,48.0
1776,48.0
1777,47.0
1778,47.0
1779,46.0
1780,46.0
1781,47.0
1782,48.0
1783,47.0
1784,48.0
1785,46.0
1786,47.0
1787,46.0
1788,47.0
1789,46.0
1790,48.0
1791,48.0
1792,48.0
1793,48.0
1794,46.0
1795,47.0
1796,48.0
1797,48.0
1798,47.0
1799,47.0
1800,47.0
1801,46.0
1802,48.0
1803,48.0
1804,47.0
1805,47.0
1806,46.0
1807,45.0
1808,48.0
1809,47.0
1810,48.0
1811,47.0
1812,45.0
1813,47.0
1814,48.0
1815,48.0
1816,49.0
1817,46.0
1818,47.0
1819,48.0
1820,47.0
1821,47.0
1822,46.0
1823,47.0
1824,48.0
1825,49.0
1826,45.0
1827,47.0
1828,48.0
1829,47.0
1830,46.0
1831,47.0
1832,47.0
1833,48.0
1834,46.0
1835,45.0
1836,49.0
1837,48.0
1838,48.0
1839,46.0
1840,47.0
1841,48.0
1842,48.0
1843,46.0
1844,48.0
1845,48.0
1846,48.0
1847,47.0
1848,48.0
1849,48.0
1850,47.0
1851,47.0
1852,48.0
1853,47.0
1854,45.0
1855,49.0
1856,48.0
1857,46.0
1858,45.0
1859,48.0
1860,49.0
1861,46.0
1862,48.0
1863,47.0
1864,46.0
1865,49.0
1866,48.0
1867,47.0
1868,46.0
1869,47.0
1870,48.0
1871,46.0
1872,48.0
1873,48.0
1874,47.0
1875,48.0
1876,47.0
1877,46.0
1878,48.0
1879,47.0
1880,48.0
1881,48.0
1882,47.0
1883,46.0
1884,47.0
1885,49.0
1886,45.0
1887,48.0
1888,48.0
1889,48.0
1890,47.0
1891,47.0
1892,49.0
1893,48.0
1894,46.0
1895,48.0
1896,48.0
1897,45.0
1898,48.0
1899,48.0
1900,48.0
1901,48.0
1902,48.0
1903,48.0
1904,48.0
1905,48.0
1906,48.0
1907,46.0
1908,48.0
1909,47.0
1910,49.0
1911,47.0
1912,47.0
1913,47.0
1914,46.0
1915,48.0
1916,49.0
1917,48.0
1918,48.0
1919,46.0
1920,47.0
1921,49.0
1922,48.0
1923,48.0
1924,47.0
1925,48.0
1926,46.0
1927,48.0
1928,47.0
1929,46.0
1930,48.0
1931,48.0
1932,48.0
1933,48.0
1934,45.0
1935,47.0
1936,47.0
1937,48.0
1938,47.0
1939,46.0
1940,48.0
1941,48.0
1942,48.0
1943,47.0
1944,46.0
1945,49.0
1946,47.0
1947,46.0
1948,48.0
1949,47.0
1950,45.0
1951,48.0
1952,48.0
1953,46.0
1954,48.0
1955,48.0
1956,46.0
1957,48.0
1958,48.0
1959,47.0
1960,48.0
1961,49.0
1962,48.0
1963,47.0
1964,48.0
1965,47.0
1966,48.0
1967,45.0
1968,47.0
1969,48.0
1970,46.0
1971,48.0
1972,47.0
1973,49.0
1974,46.0
1975,48.0
1976,47.0
1977,49.0
1978,47.0
1979,46.0
1980,48.0
1981,48.0
1982,46.0
1983,47.0
1984,48.0
1985,48.0
1986,49.0
1987,45.0
1988,48.0
1989,47.0
1990,48.0
1991,45.0
1992,48.0
1993,48.0
1994,48.0
1995,47.0
1996,45.0
1997,48.0
1998,48.0
1999,48.0
2000,47.0
2001,47.0
2002,48.0
2003,48.0
2004,48.0
2005,47.0
2006,46.0
2007,47.0
2008,48.0
2009,48.0
2010,47.0
2011,46.0
2012,46.0
2013,47.0
2014,47.0
2015,48.0
2016,46.0
2017,45.0
2018,46.0
2019,48.0
2020,48.0
2021,48.0
2022,49.0
2023,47.0
2024,46.0
2025,47.0
2026,47.0
2027,48.0
2028,48.0
2029,48.0
2030,47.0
2031,45.0
2032,48.0
2033,47.0
2034,47.0
2035,48.0
2036,48.0
2037,46.0
2038,46.0
2039,46.0
2040,48.0
2041,48.0
2042,47.0
2043,48.0
2044,48.0
2045,48.0
2046,48.0
2047,46.0
2048,46.0
2049,46.0
2050,47.0
2051,49.0
2052,46.0
2053,48.0
2054,47.0
2055,48.0
2056,46.0
2057,46.0
2058,46.0
2059,46.0
2060,48.0
2061,48.0
2062,47.0
2063,47.0
2064,48.0
2065,46.0
2066,46.0
2067,46.0
2068,48.0
2069,48.0
2070,48.0
2071,49.0
2072,47.0
2073,46.0
2074,46.0
2075,47.0
2076,48.0
2077,47.0
2078,48.0
2079,46.0
2080,46.0
2081,49.0
2082,48.0
2083,47.0
2084,49.0
2085,47.0
2086,46.0
2087,48.0
2088,47.0
2089,47.0
2090,48.0
2091,46.0
2092,48.0
2093,49.0
2094,47.0
2095,47.0
2096,48.0
2097,45.0
2098,48.0
2099,47.0
2100,48.0
2101,47.0
2102,46.0
2103,48.0
2104,48.0
2105,48.0
2106,47.0
2107,49.0
2108,48.0
2109,48.0
2110,48.0
2111,46.0
2112,48.0
2113,48.0
2114,48.0
2115,47.0
2116,48.0
2117,48.0
2118,48.0
2119,46.0
2120,48.0
2121,48.0
2122,47.0
2123,46.0
2124,47.0
2125,47.0
2126,46.0
2127,47.0
2128,48.0
2129,48.0
2130,47.0
2131,46.0
2132,48.0
2133,48.0
2134,46.0
2135,47.0
2136,47.0
2137,48.0
2138,47.0
2139,48.0
2140,48.0
2141,46.0
2142,48.0
2143,47.0
2144,47.0
2145,48.0
2146,47.0
2147,47.0
2148,48.0
2149,47.0
2150,49.0
2151,45.0
2152,48.0
2153,48.0
2154,46.0
2155,48.0
2156,47.0
2157,46.0
2158,48.0
2159,48.0
2160,46.0
2161,48.0
2162,47.0
2163,46.0
2164,48.0
2165,48.0
2166,47.0
2167,49.0
2168,48.0
2169,46.0
2170,47.0
2171,48.0
2172,48.0
2173,48.0
2174,45.0
2175,48.0
2176,48.0
2177,45.0
2178,48.0
2179,49.0
2180,46.0
2181,48.0
2182,47.0
2183,48.0
2184,47.0
2185,47.0
2186,48.0
2187,46.0
2188,46.0
2189,47.0
2190,46.0
2191,48.0
2192,48.0
2193,47.0
2194,48.0
2195,47.0
2196,48.0
2197,45.0
2198,48.0
2199,47.0
2200,47.0
2201,47.0
2202,45.0
2203,48.0
2204,47.0
2205,48.0
2206,48.0
2207,48.0
2208,47.0
2209,46.0
2210,49.0
2211,48.0
2212,47.0
2213,47.0
2214,46.0
2215,49.0
2216,48.0
2217,46.0
2218,48.0
2219,48.0
2220,47.0
2221,48.0
2222,46.0
2223,48.0
2224,48.0
2225,47.0
2226,48.0
2227,47.0
2228,47.0
2229,48.0
2230,47.0
2231,47.0
2232,48.0
2233,46.0
2234,48.0
2235,48.0
2236,46.0
2237,49.0
2238,49.0
2239,47.0
2240,48.0
2241,48.0
2242,46.0
2243,49.0
2244,48.0
2245,47.0
2246,48.0
2247,47.0
2248,47.0
2249,48.0
2250,47.0
2251,46.0
2252,47.0
2253,47.0
2254,48.0
2255,48.0
2256,47.0
2257,48.0
2258,48.0
2259,47.0
2260,48.0
2261,46.0
2262,48.0
2263,47.0
2264,46.0
2265,48.0
2266,48.0
2267,47.0
2268,46.0
2269,49.0
2270,47.0
2271,48.0
2272,46.0
2273,48.0
2274,48.0
2275,47.0
2276,46.0
2277,48.0
2278,47.0
2279,48.0
2280,48.0
2281,47.0
2282,47.0
2283,46.0
2284,46.0
2285,48.0
2286,48.0
2287,47.0
2288,45.0
2289,48.0
2290,48.0
2291,48.0
2292,47.0
2293,49.0
2294,48.0
2295,48.0
2296,46.0
2297,46.0
2298,48.0
2299,48.0
2300,48.0
2301,47.0
2302,48.0
2303,47.0
2304,48.0
2305,47.0
2306,47.0
2307,46.0
2308,47.0
2309,47.0
2310,47.0
2311,46.0
2312,46.0
2313,47.0
2314,47.0
2315,48.0
2316,48.0
2317,46.0
2318,46.0
2319,46.0
2320,48.0
2321,48.0
2322,48.0
2323,47.0
2324,45.0
2325,48.0
2326,47.0
2327,48.0
2328,47.0
2329,46.0
2330,46.0
2331,46.0
2332,46.0
2333,48.0
2334,48.0
2335,48.0
2336,48.0
2337,46.0
2338,47.0
2339,46.0
2340,47.0
2341,48.0
2342,48.0
2343,48.0
2344,49.0
2345,47.0
2346,46.0
2347,46.0
2348,47.0
2349,48.0
2350,48.0
2351,47.0
2352,48.0
2353,49.0
2354,48.0
2355,48.0
2356,46.0
2357,46.0
2358,46.0
2359,46.0
2360,46.0
2361,48.0
2362,48.0
2363,48.0
2364,48.0
2365,47.0
2366,46.0
2367,45.0
2368,47.0
2369,48.0
2370,48.0
2371,46.0
2372,46.0
2373,47.0
2374,47.0
2375,48.0
2376,47.0
2377,47.0
2378,48.0
2379,46.0
2380,46.0
2381,46.0
2382,48.0
2383,48.0
2384,48.0
2385,49.0
2386,45.0
2387,48.0
2388,47.0
2389,47.0
2390,48.0
2391,47.0
2392,46.0
2393,47.0
2394,48.0
2395,47.0
2396,48.0
2397,46.0
2398,46.0
2399,48.0
2400,48.0
2401,48.0
2402,46.0
2403,46.0
2404,48.0
2405,48.0
2406,48.0
2407,47.0
2408,48.0
2409,47.0
2410,48.0
2411,47.0
2412,45.0
2413,48.0
2414,47.0
2415,46.0
2416,45.0
2417,48.0
2418,47.0
2419,47.0
2420,46.0
2421,47.0
2422,48.0
2423,48.0
2424,47.0
2425,48.0
2426,47.0
2427,47.0
2428,46.0
2429,48.0
2430,48.0
2431,49.0
2432,45.0
2433,47.0
2434,48.0
2435,47.0
2436,47.0
2437,48.0
2438,48.0
2439,46.0
2440,48.0
2441,48.0
2442,49.0
2443,46.0
2444,48.0
2445,48.0
2446,46.0
2447,49.0
2448,48.0
2449,47.0
2450,46.0
2451,47.0
2452,48.0
2453,46.0
2454,48.0
2455,48.0
2456,47.0
2457,48.0
2458,47.0
2459,46.0
2460,48.0
2461,47.0
2462,45.0
2463,48.0
2464,48.0
2465,46.0
2466,47.0
2467,49.0
2468,45.0
2469,48.0
2470,48.0
2471,46.0
2472,47.0
2473,49.0
2474,46.0
2475,48.0
2476,48.0
2477,48.0
2478,48.0
2479,45.0
2480,48.0
2481,48.0
2482,47.0
2483,49.0
2484,49.0
2485,47.0
2486,46.0
2487,47.0
2488,48.0
2489,47.0
2490,47.0
2491,46.0
2492,48.0
2493,48.0
2494,47.0
2495,48.0
2496,48.0
2497,48.0
2498,48.0
2499,46.0
2500,48.0
2501,48.0
2502,46.0
2503,48.0
2504,48.0
2505,47.0
2506,48.0
2507,48.0
2508,48.0
2509,47.0
2510,48.0
2511,48.0
2512,48.0
2513,45.0
2514,48.0
2515,47.0
2516,45.0
2517,48.0
2518,47.0
2519,46.0
2520,48.0
2521,47.0
2522,46.0
2523,49.0
2524,48.0
2525,46.0
2526,48.0
2527,47.0
2528,46.0
2529,47.0
2530,48.0
2531,48.0
2532,47.0
2533,49.0
2534,48.0
2535,45.0
2536,48.0
2537,47.0
2538,46.0
2539,49.0
2540,47.0
2541,48.0
2542,46.0
2543,49.0
2544,47.0
2545,46.0
2546,47.0
2547,47.0
2548,48.0
2549,47.0
2550,48.0
2551,48.0
2552,48.0
2553,46.0
2554,47.0
2555,48.0
2556,48.0
2557,47.0
2558,47.0
2559,47.0
2560,47.0
2561,46.0
2562,48.0
2563,48.0
2564,47.0
2565,47.0
2566,46.0
2567,48.0
2568,47.0
2569,46.0
2570,47.0
2571,46.0
2572,48.0
2573,48.0
2574,46.0
2575,47.0
2576,48.0
2577,48.0
2578,48.0
2579,46.0
2580,47.0
2581,48.0
2582,47.0
2583,47.0
2584,48.0
2585,45.0
2586,49.0
2587,48.0
2588,48.0
2589,47.0
2590,46.0
2591,48.0
2592,48.0
2593,47.0
2594,48.0
2595,48.0
2596,47.0
2597,46.0
2598,48.0
2599,48.0
2600,48.0
2601,48.0
2602,47.0
2603,45.0
2604,47.0
2605,48.0
2606,46.0
2607,48.0
2608,46.0
2609,47.0
2610,46.0
2611,47.0
2612,49.0
2613,48.0
2614,48.0
2615,48.0
2616,47.0
2617,46.0
2618,46.0
2619,45.0
2620,46.0
2621,47.0
2622,48.0
2623,48.0
2624,47.0
2625,48.0
2626,47.0
2627,45.0
2628,46.0
2629,48.0
2630,47.0
2631,48.0
2632,48.0
2633,48.0
2634,48.0
2635,46.0
2636,47.0
2637,46.0
2638,47.0
2639,48.0
2640,48.0
2641,48.0
2642,48.0
2643,49.0
2644,48.0
2645,46.0
2646,47.0
2647,48.0
2648,48.0
2649,47.0
2650,48.0
2651,46.0
2652,46.0
2653,49.0
2654,48.0
2655,47.0
2656,48.0
2657,48.0
2658,47.0
2659,46.0
2660,47.0
2661,48.0
2662,48.0
2663,48.0
2664,49.0
2665,45.0
2666,47.0
2667,48.0
2668,47.0
2669,47.0
2670,45.0
2671,47.0
2672,47.0
2673,47.0
2674,49.0
2675,46.0
2676,47.0
2677,47.0
2678,47.0
2679,48.0
2680,46.0
2681,47.0
2682,47.0
2683,47.0
2684,47.0
2685,46.0
2686,47.0
2687,48.0
2688,48.0
2689,47.0
2690,47.0
2691,48.0
2692,48.0
2693,47.0
2694,46.0
2695,48.0
2696,47.0
2697,49.0
2698,47.0
2699,48.0
2700,47.0
2701,49.0
2702,46.0
2703,48.0
2704,48.0
2705,48.0
2706,46.0
2707,48.0
2708,48.0
2709,46.0
2710,47.0
2711,47.0
2712,48.0
2713,46.0
2714,47.0
2715,48.0
2716,46.0
2717,47.0
2718,48.0
2719,48.0
2720,46.0
2721,48.0
2722,47.0
2723,47.0
2724,46.0
2725,47.0
2726,49.0
2727,46.0
2728,48.0
2729,48.0
2730,46.0
2731,48.0
2732,47.0
2733,46.0
2734,48.0
2735,48.0
2736,47.0
2737,49.0
2738,48.0
2739,46.0
2740,47.0
2741,48.0
2742,45.0
2743,48.0
2744,48.0
2745,46.0
2746,48.0
2747,49.0
2748,46.0
2749,48.0
2750,46.0
2751,48.0
2752,47.0
2753,46.0
2754,49.0
2755,48.0
2756,46.0
2757,47.0
2758,47.0
2759,45.0
2760,47.0
2761,46.0
2762,48.0
2763,48.0
2764,47.0
2765,48.0
2766,47.0
2767,47.0
2768,48.0
2769,47.0
2770,47.0
2771,46.0
2772,49.0
2773,48.0
2774,48.0
2775,47.0
2776,47.0
2777,48.0
2778,49.0
2779,48.0
2780,48.0
2781,46.0
2782,48.0
2783,46.0
2784,49.0
2785,48.0
2786,46.0
2787,48.0
2788,47.0
2789,48.0
2790,48.0
2791,46.0
2792,48.0
2793,46.0
2794,48.0
2795,48.0
2796,45.0
2797,46.0
2798,48.0
2799,48.0
2800,47.0
2801,45.0
2802,48.0
2803,48.0
2804,46.0
2805,47.0
2806,46.0
2807,49.0
2808,48.0
2809,47.0
2810,48.0
2811,47.0
2812,47.0
2813,49.0
2814,48.0
2815,47.0
2816,48.0
2817,47.0
2818,45.0
2819,48.0
2820,47.0
2821,46.0
2822,48.0
2823,48.0
2824,47.0
2825,47.0
2826,47.0
2827,46.0
2828,48.0
2829,49.0
2830,46.0
2831,48.0
2832,47.0
2833,47.0
2834,49.0
2835,48.0
2836,46.0
2837,46.0
2838,48.0
2839,49.0
2840,46.0
2841,48.0
2842,48.0
2843,47.0
2844,45.0
2845,48.0
2846,48.0
2847,48.0
2848,47.0
2849,48.0
2850,48.0
2851,46.0
2852,47.0
2853,47.0
2854,46.0
2855,46.0
2856,48.0
2857,47.0
2858,47.0
2859,49.0
2860,47.0
2861,48.0
2862,46.0
2863,45.0
2864,48.0
2865,47.0
2866,48.0
2867,46.0
2868,46.0
2869,48.0
2870,48.0
2871,46.0
2872,47.0
2873,49.0
2874,47.0
2875,47.0
2876,46.0
2877,48.0
2878,47.0
2879,48.0
2880,46.0
2881,47.0
2882,48.0
2883,47.0
2884,47.0
2885,46.0
2886,47.0
2887,49.0
2888,48.0
2889,48.0
2890,48.0
2891,47.0
2892,46.0
2893,48.0
2894,48.0
2895,49.0
2896,47.0
2897,46.0
2898,48.0
2899,47.0
2900,47.0
2901,48.0
2902,47.0
2903,45.0
2904,49.0
2905,48.0
2906,48.0
2907,48.0
2908,49.0
2909,47.0
2910,46.0
2911,47.0
2912,47.0
2913,48.0
2914,48.0
2915,48.0
2916,48.0
2917,45.0
2918,48.0
2919,47.0
2920,48.0
2921,47.0
2922,47.0
2923,48.0
2924,46.0
2925,46.0
2926,46.0
2927,46.0
2928,46.0
2929,48.0
2930,48.0
2931,48.0
2932,47.0
2933,47.0
2934,48.0
2935,48.0
2936,48.0
2937,47.0
2938,48.0
2939,47.0
2940,47.0
2941,48.0
2942,47.0
2943,46.0
2944,47.0
2945,46.0
2946,49.0
2947,48.0
2948,47.0
2949,47.0
2950,48.0
2951,48.0
2952,46.0
2953,46.0
2954,48.0
2955,48.0
2956,48.0
2957,48.0
2958,47.0
2959,46.0
2960,48.0
2961,47.0
2962,48.0
2963,47.0
2964,47.0
2965,46.0
2966,47.0
2967,48.0
2968,48.0
2969,48.0
2970,46.0
2971,46.0
2972,46.0
2973,48.0
2974,47.0
2975,47.0
2976,47.0
2977,46.0
2978,48.0
2979,48.0
2980,48.0
2981,46.0
2982,47.0
2983,48.0
2984,48.0
2985,48.0
2986,46.0
2987,48.0
2988,48.0
2989,46.0
2990,48.0
2991,48.0
2992,48.0
2993,46.0
2994,48.0
2995,48.0
2996,46.0
2997,48.0
2998,48.0
2999,49.0
3000,48.0
3001,46.0
3002,48.0
3003,48.0
3004,46.0
3005,49.0
3006,45.0
3007,48.0
3008,48.0
3009,45.0
3010,48.0
3011,47.0
3012,46.0
3013,48.0
3014,47.0
3015,46.0
3016,49.0
3017,48.0
3018,48.0
3019,48.0
3020,47.0
3021,47.0
3022,48.0
3023,48.0
3024,46.0
3025,48.0
3026,48.0
3027,47.0
3028,47.0
3029,47.0
3030,47.0
3031,47.0
3032,46.0
3033,48.0
3034,47.0
3035,46.0
3036,47.0
3037,49.0
3038,45.0
3039,48.0
3040,46.0
3041,48.0
3042,48.0
3043,45.0
3044,48.0
3045,47.0
3046,48.0
3047,48.0
3048,47.0
3049,47.0
3050,46.0
3051,48.0
3052,48.0
3053,46.0
3054,48.0
3055,47.0
3056,48.0
3057,47.0
3058,47.0
3059,48.0
3060,47.0
3061,47.0
3062,46.0
3063,48.0
3064,48.0
3065,48.0
3066,47.0
3067,47.0
3068,48.0
3069,49.0
3070,48.0
3071,48.0
3072,48.0
3073,48.0
3074,49.0
3075,46.0
3076,48.0
3077,46.0
3078,48.0
3079,47.0
3080,46.0
3081,48.0
3082,48.0
3083,46.0
3084,47.0
3085,49.0
3086,48.0
3087,46.0
3088,48.0
3089,48.0
3090,47.0
3091,45.0
3092,48.0
3093,48.0
3094,47.0
3095,48.0
3096,49.0
3097,47.0
3098,48.0
3099,48.0
3100,46.0
3101,48.0
3102,48.0
3103,46.0
3104,48.0
3105,48.0
3106,46.0
3107,47.0
3108,48.0
3109,46.0
3110,47.0
3111,48.0
3112,49.0
3113,45.0
3114,47.0
3115,48.0
3116,45.0
3117,47.0
3118,47.0
3119,46.0
3120,46.0
3121,47.0
3122,48.0
3123,46.0
3124,47.0
3125,48.0
3126,48.0
3127,46.0
3128,49.0
3129,48.0
3130,48.0
3131,46.0
3132,47.0
3133,47.0
3134,46.0
3135,47.0
3136,48.0
3137,48.0
3138,47.0
3139,46.0
3140,48.0
3141,46.0
3142,47.0
3143,46.0
3144,48.0
3145,47.0
3146,46.0
3147,46.0
3148,49.0
3149,47.0
3150,48.0
3151,46.0
3152,46.0
3153,48.0
3154,47.0
3155,48.0
3156,46.0
3157,46.0
3158,48.0
3159,48.0
3160,49.0
3161,45.0
3162,45.0
3163,48.0
3164,47.0
3165,48.0
3166,46.0
3167,46.0
3168,47.0
3169,48.0
3170,48.0
3171,48.0
3172,47.0
3173,46.0
3174,49.0
3175,48.0
3176,48.0
3177,48.0
3178,46.0
3179,46.0
3180,46.0
3181,48.0
3182,48.0
3183,47.0
3184,48.0
3185,45.0
3186,45.0
3187,48.0
3188,48.0
3189,48.0
3190,48.0
3191,46.0
3192,46.0
3193,46.0
3194,46.0
3195,48.0
3196,48.0
3197,48.0
3198,48.0
3199,48.0
3200,47.0
3201,46.0
3202,48.0
3203,48.0
3204,48.0
3205,47.0
3206,47.0
3207,48.0
3208,48.0
3209,46.0
3210,47.0
3211,45.0
3212,48.0
3213,46.0
3214,47.0
3215,48.0
3216,48.0
3217,48.0
3218,48.0
3219,48.0
3220,46.0
3221,46.0
3222,47.0
3223,48.0
3224,46.0
3225,48.0
3226,48.0
3227,46.0
3228,46.0
3229,48.0
3230,48.0
3231,47.0
3232,48.0
3233,46.0
3234,46.0
3235,46.0
3236,49.0
3237,47.0
3238,48.0
3239,47.0
3240,48.0
3241,46.0
3242,46.0
3243,48.0
3244,48.0
3245,47.0
3246,48.0
3247,45.0
3248,47.0
3249,48.0
3250,47.0
3251,46.0
3252,45.0
3253,48.0
3254,48.0
3255,47.0
3256,46.0
3257,46.0
3258,48.0
3259,48.0
3260,47.0
3261,48.0
3262,46.0
3263,46.0
3264,48.0
3265,48.0
3266,47.0
3267,45.0
3268,47.0
3269,48.0
3270,48.0
3271,45.0
3272,48.0
3273,47.0
3274,48.0
3275,45.0
3276,47.0
3277,48.0
3278,48.0
3279,47.0
3280,48.0
3281,48.0
3282,48.0
3283,46.0
3284,48.0
3285,47.0
3286,48.0
3287,47.0
3288,48.0
3289,48.0
3290,49.0
3291,45.0
3292,48.0
3293,47.0
3294,48.0
3295,48.0
3296,47.0
3297,46.0
3298,47.0
3299,47.0
3300,47.0
3301,47.0
3302,49.0
3303,48.0
3304,47.0
3305,45.0
3306,48.0
3307,48.0
3308,46.0
3309,48.0
3310,48.0
3311,46.0
3312,48.0
3313,48.0
3314,46.0
3315,48.0
3316,48.0
3317,45.0
3318,47.0
3319,48.0
3320,46.0
3321,47.0
3322,49.0
3323,46.0
3324,48.0
3325,47.0
3326,45.0
3327,48.0
3328,49.0
3329,46.0
3330,48.0
3331,48.0
3332,47.0
3333,47.0
3334,46.0
3335,48.0
3336,48.0
3337,46.0
3338,47.0
3339,48.0
3340,48.0
3341,48.0
3342,46.0
3343,48.0
3344,48.0
3345,47.0
3346,47.0
3347,47.0
3348,47.0
3349,48.0
3350,48.0
3351,48.0
3352,46.0
3353,48.0
3354,48.0
3355,47.0
3356,47.0
3357,46.0
3358,48.0
3359,46.0
3360,48.0
3361,48.0
3362,45.0
3363,48.0
3364,46.0
3365,48.0
3366,48.0
3367,48.0
3368,47.0
3369,47.0
3370,48.0
3371,48.0
3372,47.0
3373,48.0
3374,47.0
3375,48.0
3376,47.0
3377,48.0
3378,47.0
3379,47.0
3380,48.0
3381,48.0
3382,46.0
3383,48.0
3384,48.0
3385,48.0
3386,47.0
3387,46.0
3388,49.0
3389,48.0
3390,47.0
3391,48.0
3392,47.0
3393,47.0
3394,48.0
3395,48.0
3396,47.0
3397,47.0
3398,47.0
3399,47.0
3400,48.0
3401,48.0
3402,47.0
3403,49.0
3404,48.0
3405,46.0
3406,48.0
3407,47.0
3408,45.0
3409,48.0
3410,47.0
3411,47.0
3412,48.0
3413,47.0
3414,47.0
3415,47.0
3416,48.0
3417,48.0
3418,45.0
3419,48.0
3420,48.0
3421,46.0
3422,46.0
3423,47.0
3424,48.0
3425,46.0
3426,48.0
3427,48.0
3428,47.0
3429,48.0
3430,46.0
3431,48.0
3432,48.0
3433,47.0
3434,47.0
3435,46.0
3436,47.0
3437,48.0
3438,47.0
3439,49.0
3440,46.0
3441,48.0
3442,47.0
3443,49.0
3444,47.0
3445,48.0
3446,48.0
3447,48.0
3448,46.0
3449,47.0
3450,48.0
3451,48.0
3452,49.0
3453,45.0
3454,47.0
3455,48.0
3456,48.0
3457,46.0
3458,49.0
3459,48.0
3460,48.0
3461,46.0
3462,46.0
3463,49.0
3464,48.0
3465,48.0
3466,48.0
3467,46.0
3468,46.0
3469,48.0
3470,48.0
3471,47.0
3472,47.0
3473,46.0
3474,47.0
3475,47.0
3476,47.0
3477,47.0
3478,47.0
3479,45.0
3480,48.0
3481,48.0
3482,48.0
3483,48.0
3484,46.0
3485,46.0
3486,46.0
3487,48.0
3488,47.0
3489,48.0
3490,47.0
3491,48.0
3492,46.0
3493,46.0
3494,46.0
3495,48.0
3496,48.0
3497,47.0
3498,47.0
3499,48.0
3500,45.0
3501,47.0
3502,46.0
3503,47.0
3504,48.0
3505,45.0
3506,46.0
3507,47.0
3508,47.0
3509,47.0
3510,46.0
3511,47.0
3512,47.0
3513,46.0
3514,47.0
3515,45.0
3516,48.0
3517,47.0
3518,45.0
3519,47.0
3520,46.0
3521,47.0
3522,48.0
3523,46.0
3524,48.0
3525,46.0
3526,45.0
3527,48.0
3528,46.0
3529,47.0
3530,46.0
3531,46.0
3532,48.0
3533,46.0
3534,47.0
3535,46.0
3536,45.0
3537,47.0
3538,47.0
3539,47.0
3540,46.0
3541,46.0
3542,46.0
3543,46.0
3544,47.0
3545,46.0
3546,48.0
3547,47.0
3548,46.0
3549,47.0
3550,46.0
3551,46.0
3552,46.0
3553,47.0
3554,48.0
3555,45.0
3556,47.0
3557,46.0
3558,46.0
3559,46.0
3560,46.0
3561,47.0
3562,46.0
3563,47.0
3564,47.0
3565,49.0
3566,46.0
3567,46.0
3568,48.0
3569,46.0
3570,47.0
3571,45.0
3572,48.0
3573,46.0
3574,46.0
3575,47.0
3576,45.0
3577,46.0
3578,45.0
3579,47.0
3580,47.0
3581,46.0
3582,49.0
3583,47.0
3584,46.0
3585,48.0
3586,47.0
3587,46.0
3588,47.0
3589,46.0
3590,47.0
3591,49.0
3592,46.0
3593,47.0
3594,48.0
3595,45.0
3596,46.0
3597,49.0
3598,46.0
3599,45.0
3600,47.0
3601,47.0
3602,46.0
3603,46.0
3604,48.0
3605,46.0
3606,47.0
3607,47.0
3608,47.0
3609,46.0
3610,45.0
3611,48.0
3612,47.0
3613,46.0
3614,47.0
3615,47.0
3616,46.0
3617,46.0
3618,46.0
3619,47.0
3620,46.0
3621,47.0
3622,45.0
3623,46.0
3624,46.0
3625,46.0
3626,48.0
3627,47.0
3628,46.0
3629,47.0
3630,47.0
3631,47.0
3632,47.0
3633,45.0
3634,47.0
3635,46.0
3636,48.0
3637,47.0
3638,48.0
3639,47.0
3640,46.0
3641,46.0
3642,45.0
3643,48.0
3644,45.0
3645,48.0
3646,47.0
3647,46.0
3648,46.0
3649,47.0
3650,48.0
3651,46.0
3652,47.0
3653,47.0
3654,45.0
3655,48.0
3656,47.0
3657,46.0
3658,46.0
3659,47.0
3660,48.0
3661,46.0
3662,47.0
3663,48.0
3664,47.0
3665,48.0
3666,46.0
3667,46.0
3668,48.0
3669,46.0
3670,46.0
3671,49.0
3672,47.0
3673,46.0
3674,46.0
3675,48.0
3676,48.0
3677,45.0
3678,47.0
3679,48.0
3680,46.0
3681,46.0
3682,46.0
3683,46.0
3684,47.0
3685,46.0
3686,47.0
3687,46.0
3688,47.0
3689,45.0
3690,48.0
3691,46.0
3692,46.0
3693,47.0
3694,46.0
3695,48.0
3696,47.0
3697,45.0
3698,47.0
3699,45.0
3700,46.0
3701,46.0
3702,46.0
3703,47.0
3704,47.0
3705,48.0
3706,46.0
3707,48.0
3708,48.0
3709,47.0
3710,47.0
3711,45.0
3712,46.0
3713,46.0
3714,47.0
3715,46.0
3716,46.0
3717,46.0
3718,45.0
3719,48.0
3720,45.0
3721,46.0
3722,46.0
3723,48.0
3724,46.0
3725,46.0
3726,47.0
3727,47.0
3728,49.0
3729,46.0
3730,46.0
3731,48.0
3732,46.0
3733,47.0
3734,47.0
3735,47.0
3736,46.0
3737,46.0
3738,48.0
3739,46.0
3740,45.0
3741,46.0
3742,45.0
3743,47.0
3744,46.0
3745,46.0
3746,48.0
3747,46.0
3748,47.0
3749,46.0
3750,48.0
3751,47.0
3752,46.0
3753,47.0
3754,46.0
3755,46.0
3756,48.0
3757,46.0
3758,47.0
3759,46.0
3760,45.0
3761,48.0
3762,46.0
3763,46.0
3764,47.0
3765,46.0
3766,46.0
3767,46.0
3768,49.0
3769,46.0
3770,46.0
3771,46.0
3772,46.0
3773,47.0
3774,47.0
3775,46.0
3776,47.0
3777,47.0
3778,47.0
3779,46.0
3780,46.0
3781,46.0
3782,47.0
3783,46.0
3784,46.0
3785,46.0
3786,47.0
3787,47.0
3788,46.0
3789,45.0
3790,46.0
3791,47.0
3792,46.0
3793,46.0
3794,46.0
3795,47.0
3796,47.0
3797,45.0
3798,47.0
3799,46.0
3800,46.0
3801,47.0
3802,46.0
3803,47.0
3804,46.0
3805,47.0
3806,47.0
3807,47.0
3808,46.0
3809,46.0
3810,48.0
3811,46.0
3812,45.0
3813,46.0
3814,47.0
3815,46.0
3816,47.0
3817,46.0
3818,45.0
3819,47.0
3820,46.0
3821,46.0
3822,46.0
3823,47.0
3824,46.0
3825,46.0
3826,48.0
3827,46.0
3828,46.0
3829,46.0
3830,46.0
3831,48.0
3832,46.0
3833,46.0
3834,47.0
3835,47.0
3836,48.0
3837,45.0
3838,46.0
3839,46.0
3840,46.0
3841,46.0
3842,45.0
3843,47.0
3844,46.0
3845,46.0
3846,48.0
3847,46.0
3848,46.0
3849,47.0
3850,46.0
3851,47.0
3852,47.0
3853,46.0
3854,46.0
3855,46.0
3856,47.0
3857,46.0
3858,48.0
3859,46.0
3860,47.0
3861,46.0
3862,48.0
3863,47.0
3864,46.0
3865,46.0
3866,47.0
3867,45.0
3868,47.0
3869,46.0
3870,46.0
3871,47.0
3872,46.0
3873,47.0
3874,47.0
3875,47.0
3876,46.0
3877,49.0
3878,46.0
3879,46.0
3880,48.0
3881,45.0
3882,47.0
3883,46.0
3884,46.0
3885,47.0
3886,46.0
3887,48.0
3888,46.0
3889,46.0
3890,48.0
3891,46.0
3892,46.0
3893,47.0
3894,46.0
3895,46.0
3896,46.0
3897,46.0
3898,47.0
3899,48.0
3900,48.0
3901,46.0
3902,47.0
3903,47.0
3904,47.0
3905,49.0
3906,47.0
3907,46.0
3908,48.0
3909,48.0
3910,46.0
3911,47.0
3912,47.0
3913,45.0
3914,46.0
3915,46.0
3916,47.0
3917,46.0
3918,47.0
3919,48.0
3920,47.0
3921,46.0
3922,47.0
3923,47.0
3924,47.0
3925,45.0
3926,46.0
3927,48.0
3928,46.0
3929,45.0
3930,46.0
3931,47.0
3932,47.0
3933,47.0
3934,48.0
3935,46.0
3936,46.0
3937,46.0
3938,47.0
3939,48.0
3940,46.0
3941,46.0
3942,47.0
3943,45.0
3944,47.0
3945,46.0
3946,48.0
3947,46.0
3948,46.0
3949,47.0
3950,46.0
3951,48.0
3952,47.0
3953,46.0
3954,47.0
3955,46.0
3956,48.0
3957,47.0
3958,48.0
3959,46.0
3960,46.0
3961,47.0
3962,47.0
3963,47.0
3964,47.0
3965,47.0
3966,45.0
3967,46.0
3968,49.0
3969,47.0
3970,46.0
3971,46.0
3972,47.0
3973,46.0
3974,46.0
3975,47.0
3976,47.0
3977,45.0
3978,47.0
3979,49.0
3980,46.0
3981,46.0
3982,48.0
3983,45.0
3984,46.0
3985,47.0
3986,46.0
3987,47.0
3988,47.0
3989,47.0
3990,46.0
3991,46.0
3992,47.0
3993,47.0
3994,46.0
3995,46.0
3996,46.0
3997,48.0
3998,47.0
3999,46.0
4000,47.0
4001,47.0
4002,46.0
4003,49.0
4004,46.0
4005,46.0
4006,46.0
4007,46.0
4008,46.0
4009,45.0
4010,48.0
4011,45.0
4012,46.0
4013,47.0
4014,46.0
4015,47.0
4016,47.0
4017,47.0
4018,46.0
4019,46.0
4020,46.0
4021,46.0
4022,46.0
4023,46.0
4024,47.0
4025,46.0
4026,46.0
4027,46.0
4028,47.0
4029,46.0
4030,46.0
4031,46.0
4032,47.0
4033,46.0
4034,48.0
4035,46.0
4036,46.0
4037,47.0
4038,46.0
4039,46.0
4040,47.0
4041,45.0
4042,46.0
4043,47.0
4044,46.0
4045,47.0
4046,48.0
4047,46.0
4048,46.0
4049,47.0
4050,47.0
4051,46.0
4052,47.0
4053,46.0
4054,46.0
4055,47.0
4056,46.0
4057,46.0
4058,46.0
4059,47.0
4060,48.0
4061,46.0
4062,45.0
4063,46.0
4064,48.0
4065,46.0
4066,47.0
4067,46.0
4068,47.0
4069,46.0
4070,45.0
4071,46.0
4072,46.0
4073,47.0
4074,46.0
4075,46.0
4076,46.0
4077,46.0
4078,46.0
4079,47.0
4080,46.0
4081,46.0
4082,46.0
4083,47.0
4084,46.0
4085,47.0
4086,47.0
4087,45.0
4088,46.0
4089,45.0
4090,46.0
4091,46.0
4092,46.0
4093,45.0
4094,46.0
4095,47.0
4096,47.0
4097,46.0
4098,47.0
4099,45.0
4100,46.0
4101,47.0
4102,46.0
4103,46.0
4104,48.0
4105,46.0
4106,46.0
4107,47.0
4108,47.0
4109,48.0
4110,47.0
4111,46.0
4112,47.0
4113,47.0
4114,46.0
4115,46.0
4116,47.0
4117,46.0
4118,47.0
4119,47.0
4120,48.0
4121,46.0
4122,46.0
4123,46.0
4124,48.0
4125,46.0
4126,46.0
4127,46.0
4128,47.0
4129,48.0
4130,46.0
4131,46.0
4132,45.0
4133,48.0
4134,46.0
4135,47.0
4136,46.0
4137,47.0
4138,46.0
4139,46.0
4140,46.0
4141,47.0
4142,46.0
4143,47.0
4144,46.0
4145,49.0
4146,46.0
4147,47.0
4148,47.0
4149,49.0
4150,45.0
4151,45.0
4152,48.0
4153,46.0
4154,47.0
4155,45.0
4156,48.0
4157,46.0
4158,46.0
4159,48.0
4160,45.0
4161,46.0
4162,45.0
4163,47.0
4164,47.0
4165,46.0
4166,49.0
4167,46.0
4168,47.0
4169,46.0
4170,47.0
4171,46.0
4172,45.0
4173,46.0
4174,48.0
4175,47.0
4176,46.0
4177,47.0
4178,47.0
4179,48.0
4180,47.0
4181,45.0
4182,47.0
4183,46.0
4184,48.0
4185,46.0
4186,47.0
4187,48.0
4188,46.0
4189,46.0
4190,48.0
4191,46.0
4192,45.0
4193,47.0
4194,46.0
4195,47.0
4196,46.0
4197,46.0
4198,46.0
4199,46.0
4200,46.0
4201,48.0
4202,46.0
4203,45.0
4204,48.0
4205,46.0
4206,48.0
4207,45.0
4208,47.0
4209,46.0
4210,47.0
4211,47.0
4212,45.0
4213,46.0
4214,48.0
4215,46.0
4216,47.0
4217,46.0
4218,46.0
4219,45.0
4220,46.0
4221,46.0
4222,46.0
4223,47.0
4224,46.0
4225,47.0
4226,45.0
4227,47.0
4228,46.0
4229,46.0
4230,48.0
4231,47.0
4232,45.0
4233,47.0
4234,46.0
4235,48.0
4236,47.0
4237,48.0
4238,46.0
4239,46.0
4240,48.0
4241,46.0
4242,46.0
4243,47.0
4244,47.0
4245,48.0
4246,46.0
4247,46.0
4248,49.0
4249,46.0
4250,47.0
4251,45.0
4252,46.0
4253,48.0
4254,46.0
4255,46.0
4256,47.0
4257,47.0
4258,46.0
4259,47.0
4260,46.0
4261,47.0
4262,45.0
4263,47.0
4264,46.0
4265,46.0
4266,47.0
4267,46.0
4268,45.0
4269,46.0
4270,49.0
4271,46.0
4272,45.0
4273,46.0
4274,47.0
4275,46.0
4276,48.0
4277,47.0
4278,46.0
4279,48.0
4280,47.0
4281,47.0
4282,47.0
4283,45.0
4284,46.0
4285,49.0
4286,46.0
4287,47.0
4288,47.0
4289,48.0
4290,46.0
4291,47.0
4292,48.0
4293,45.0
4294,46.0
4295,45.0
4296,46.0
4297,46.0
4298,46.0
4299,47.0
4300,48.0
4301,46.0
4302,45.0
4303,48.0
4304,46.0
4305,46.0
4306,45.0
4307,46.0
4308,45.0
4309,46.0
4310,46.0
4311,46.0
4312,47.0
4313,46.0
4314,45.0
4315,46.0
4316,45.0
4317,47.0
4318,47.0
4319,48.0
4320,46.0
4321,47.0
4322,47.0
4323,48.0
4324,47.0
4325,46.0
4326,47.0
4327,47.0
4328,48.0
4329,47.0
4330,47.0
4331,46.0
4332,47.0
4333,47.0
4334,46.0
4335,47.0
4336,46.0
4337,47.0
4338,47.0
4339,46.0
4340,46.0
4341,46.0
4342,48.0
4343,48.0
4344,47.0
4345,46.0
4346,47.0
4347,47.0
4348,46.0
4349,48.0
4350,47.0
4351,46.0
4352,47.0
4353,46.0
4354,45.0
4355,46.0
4356,46.0
4357,46.0
4358,46.0
4359,46.0
4360,47.0
4361,46.0
4362,48.0
4363,46.0
4364,45.0
4365,47.0
4366,46.0
4367,46.0
4368,47.0
4369,46.0
4370,48.0
4371,46.0
4372,46.0
4373,47.0
4374,47.0
4375,46.0
4376,47.0
4377,46.0
4378,48.0
4379,48.0
4380,46.0
4381,47.0
4382,46.0
4383,46.0
4384,47.0
4385,47.0
4386,46.0
4387,49.0
4388,46.0
4389,46.0
4390,46.0
4391,46.0
4392,46.0
4393,46.0
4394,48.0
4395,46.0
4396,46.0
4397,48.0
4398,46.0
4399,46.0
4400,47.0
4401,48.0
4402,46.0
4403,47.0
4404,47.0
4405,46.0
4406,46.0
4407,46.0
4408,46.0
4409,47.0
4410,47.0
4411,46.0
4412,45.0
4413,46.0
4414,46.0
4415,48.0
4416,47.0
4417,46.0
4418,46.0
4419,48.0
4420,47.0
4421,46.0
4422,46.0
4423,46.0
4424,46.0
4425,47.0
4426,47.0
4427,47.0
4428,46.0
4429,46.0
4430,47.0
4431,46.0
4432,45.0
4433,46.0
4434,45.0
4435,47.0
4436,46.0
4437,46.0
4438,47.0
4439,46.0
4440,47.0
4441,46.0
4442,48.0
4443,46.0
4444,46.0
4445,47.0
4446,47.0
4447,46.0
4448,46.0
4449,46.0
4450,46.0
4451,45.0
4452,46.0
4453,49.0
4454,46.0
4455,47.0
4456,46.0
4457,47.0
4458,47.0
4459,46.0
4460,46.0
4461,48.0
4462,46.0
4463,45.0
4464,48.0
4465,46.0
4466,48.0
4467,45.0
4468,47.0
4469,47.0
4470,46.0
4471,48.0
4472,45.0
4473,47.0
4474,46.0
4475,46.0
4476,47.0
4477,47.0
4478,46.0
4479,46.0
4480,47.0
4481,48.0
4482,47.0
4483,46.0
4484,48.0
4485,47.0
4486,45.0
4487,47.0
4488,46.0
4489,46.0
4490,47.0
4491,45.0
4492,46.0
4493,48.0
4494,46.0
4495,45.0
4496,46.0
4497,47.0
4498,47.0
4499,46.0
4500,46.0
4501,48.0
4502,45.0
4503,46.0
4504,49.0
4505,46.0
4506,48.0
4507,45.0
4508,47.0
4509,49.0
4510,46.0
4511,47.0
4512,46.0
4513,47.0
4514,48.0
4515,47.0
4516,45.0
4517,48.0
4518,47.0
4519,47.0
4520,45.0
4521,47.0
4522,46.0
4523,46.0
4524,47.0
4525,47.0
4526,47.0
4527,46.0
4528,46.0
4529,46.0
4530,46.0
4531,47.0
4532,48.0
4533,46.0
4534,46.0
4535,46.0
4536,48.0
4537,48.0
4538,46.0
4539,47.0
4540,48.0
4541,47.0
4542,47.0
4543,48.0
4544,46.0
4545,45.0
4546,47.0
4547,47.0
4548,46.0
4549,46.0
4550,46.0
4551,45.0
4552,47.0
4553,47.0
4554,47.0
4555,48.0
4556,47.0
4557,46.0
4558,46.0
4559,46.0
4560,47.0
4561,48.0
4562,46.0
4563,47.0
4564,49.0
4565,45.0
4566,46.0
4567,48.0
4568,46.0
4569,46.0
4570,45.0
4571,46.0
4572,46.0
4573,46.0
4574,48.0
4575,45.0
4576,46.0
4577,45.0
4578,47.0
4579,47.0
4580,46.0
4581,47.0
4582,46.0
4583,46.0
4584,46.0
4585,48.0
4586,46.0
4587,45.0
4588,46.0
4589,47.0
4590,46.0
4591,46.0
4592,46.0
4593,47.0
4594,46.0
4595,47.0
4596,46.0
4597,48.0
4598,47.0
4599,46.0
4600,46.0
4601,47.0
4602,46.0
4603,46.0
4604,47.0
4605,47.0
4606,48.0
4607,45.0
4608,46.0
4609,46.0
4610,49.0
4611,46.0
4612,47.0
4613,47.0
4614,46.0
4615,47.0
4616,45.0
4617,46.0
4618,47.0
4619,46.0
4620,49.0
4621,47.0
4622,47.0
4623,46.0
4624,46.0
4625,48.0
4626,48.0
4627,46.0
4628,47.0
4629,46.0
4630,47.0
4631,47.0
4632,46.0
4633,46.0
4634,47.0
4635,47.0
4636,46.0
4637,45.0
4638,46.0
4639,48.0
4640,47.0
4641,47.0
4642,46.0
4643,47.0
4644,46.0
4645,48.0
4646,46.0
4647,45.0
4648,47.0
4649,46.0
4650,46.0
4651,47.0
4652,46.0
4653,46.0
4654,46.0
4655,45.0
4656,47.0
4657,46.0
4658,46.0
4659,47.0
4660,46.0
4661,48.0
4662,46.0
4663,46.0
4664,47.0
4665,46.0
4666,46.0
4667,47.0
4668,47.0
4669,46.0
4670,47.0
4671,46.0
4672,46.0
4673,46.0
4674,46.0
4675,46.0
4676,46.0
4677,46.0
4678,46.0
4679,10195.0
4680,47.0
4681,47.0
4682,46.0
4683,47.0
4684,48.0
4685,48.0
4686,47.0
4687,46.0
4688,46.0
4689,47.0
4690,46.0
4691,46.0
4692,48.0
4693,49.0
4694,46.0
4695,46.0
4696,47.0
4697,47.0
4698,47.0
4699,46.0
4700,47.0
4701,48.0
4702,48.0
4703,48.0
4704,45.0
4705,46.0
4706,46.0
4707,47.0
4708,46.0
4709,46.0
4710,45.0
4711,47.0
4712,46.0
4713,48.0
4714,48.0
4715,47.0
4716,45.0
4717,47.0
4718,46.0
4719,48.0
4720,46.0
4721,46.0
4722,46.0
4723,45.0
4724,46.0
4725,46.0
4726,48.0
4727,48.0
4728,47.0
4729,46.0
4730,48.0
4731,46.0
4732,47.0
4733,46.0
4734,46.0
4735,48.0
4736,48.0
4737,46.0
4738,47.0
4739,46.0
4740,45.0
4741,47.0
4742,49.0
4743,48.0
4744,46.0
4745,48.0
4746,47.0
4747,47.0
4748,46.0
4749,47.0
4750,46.0
4751,48.0
4752,47.0
4753,46.0
4754,46.0
4755,46.0
4756,48.0
4757,45.0
4758,47.0
4759,47.0
4760,47.0
4761,49.0
4762,46.0
4763,46.0
4764,47.0
4765,46.0
4766,46.0
4767,49.0
4768,46.0
4769,47.0
4770,45.0
4771,45.0
4772,47.0
4773,45.0
4774,47.0
4775,46.0
4776,47.0
4777,46.0
4778,46.0
4779,47.0
4780,47.0
4781,48.0
4782,47.0
4783,46.0
4784,46.0
4785,45.0
4786,48.0
4787,45.0
4788,47.0
4789,46.0
4790,48.0
4791,46.0
4792,47.0
4793,46.0
4794,48.0
4795,46.0
4796,47.0
4797,45.0
4798,47.0
4799,45.0
4800,48.0
4801,46.0
4802,46.0
4803,46.0
4804,46.0
4805,46.0
4806,46.0
4807,47.0
4808,45.0
4809,48.0
4810,47.0
4811,47.0
4812,46.0
4813,48.0
4814,46.0
4815,46.0
4816,47.0
4817,47.0
4818,46.0
4819,46.0
4820,46.0
4821,47.0
4822,46.0
4823,46.0
4824,47.0
4825,46.0
4826,48.0
4827,46.0
4828,47.0
4829,48.0
4830,45.0
4831,47.0
4832,46.0
4833,46.0
4834,46.0
4835,48.0
4836,47.0
4837,46.0
4838,48.0
4839,46.0
4840,46.0
4841,47.0
4842,47.0
4843,46.0
4844,48.0
4845,46.0
4846,46.0
4847,47.0
4848,46.0
4849,46.0
4850,46.0
4851,48.0
4852,48.0
4853,46.0
4854,45.0
4855,48.0
4856,46.0
4857,46.0
4858,46.0
4859,46.0
4860,46.0
4861,46.0
4862,46.0
4863,46.0
4864,47.0
4865,48.0
4866,46.0
4867,45.0
4868,47.0
4869,46.0
4870,47.0
4871,46.0
4872,45.0
4873,47.0
4874,46.0
4875,47.0
4876,46.0
4877,47.0
4878,48.0
4879,46.0
4880,45.0
4881,47.0
4882,46.0
4883,47.0
4884,47.0
4885,46.0
4886,46.0
4887,46.0
4888,46.0
4889,48.0
4890,47.0
4891,46.0
4892,47.0
4893,45.0
4894,47.0
4895,46.0
4896,46.0
4897,47.0
4898,47.0
4899,46.0
4900,46.0
4901,47.0
4902,46.0
4903,47.0
4904,49.0
4905,45.0
4906,47.0
4907,46.0
4908,46.0
4909,46.0
4910,45.0
4911,46.0
4912,46.0
4913,47.0
4914,48.0
4915,46.0
4916,46.0
4917,46.0
4918,48.0
4919,46.0
4920,46.0
4921,47.0
4922,46.0
4923,47.0
4924,45.0
4925,48.0
4926,46.0
4927,47.0
4928,46.0
4929,45.0
4930,47.0
4931,46.0
4932,47.0
4933,48.0
4934,46.0
4935,45.0
4936,46.0
4937,46.0
4938,46.0
4939,46.0
4940,46.0
4941,47.0
4942,47.0
4943,46.0
4944,47.0
4945,46.0
4946,47.0
4947,47.0
4948,46.0
4949,48.0
4950,47.0
4951,46.0
4952,47.0
4953,46.0
4954,48.0
4955,45.0
4956,48.0
4957,46.0
4958,47.0
4959,48.0
4960,47.0
4961,47.0
4962,46.0
4963,46.0
4964,47.0
4965,46.0
4966,46.0
4967,47.0
4968,45.0
4969,47.0
4970,47.0
4971,46.0
4972,46.0
4973,46.0
4974,46.0
4975,48.0
4976,48.0
4977,45.0
4978,46.0
4979,46.0
4980,45.0
4981,46.0
4982,48.0
4983,48.0
4984,46.0
4985,47.0
4986,46.0
4987,47.0
4988,46.0
4989,48.0
4990,46.0
4991,47.0
4992,47.0
4993,47.0
4994,46.0
4995,46.0
4996,47.0
4997,46.0
4998,48.0
4999,45.0
5000,47.0
5001,46.0
5002,48.0
5003,46.0
5004,47.0
5005,46.0
5006,48.0
5007,46.0
5008,48.0
5009,45.0
5010,46.0
5011,47.0
5012,46.0
5013,48.0
5014,46.0
5015,46.0
5016,45.0
5017,46.0
5018,48.0
5019,48.0
5020,46.0
5021,47.0
5022,45.0
5023,46.0
5024,46.0
5025,47.0
5026,45.0
5027,46.0
5028,47.0
5029,47.0
5030,48.0
5031,45.0
5032,46.0
5033,46.0
5034,47.0
5035,47.0
5036,47.0
5037,46.0
5038,48.0
5039,47.0
5040,46.0
5041,47.0
5042,45.0
5043,48.0
5044,47.0
5045,45.0
5046,47.0
5047,47.0
5048,47.0
5049,46.0
5050,46.0
5051,46.0
5052,47.0
5053,46.0
5054,46.0
5055,46.0
5056,47.0
5057,45.0
5058,47.0
5059,45.0
5060,47.0
5061,46.0
5062,46.0
5063,49.0
5064,47.0
5065,47.0
5066,47.0
5067,48.0
5068,46.0
5069,46.0
5070,46.0
5071,49.0
5072,47.0
5073,47.0
5074,45.0
5075,46.0
5076,46.0
5077,46.0
5078,47.0
5079,48.0
5080,46.0
5081,46.0
5082,46.0
5083,47.0
5084,46.0
5085,47.0
5086,47.0
5087,46.0
5088,46.0
5089,45.0
5090,48.0
5091,46.0
5092,47.0
5093,46.0
5094,46.0
5095,47.0
5096,46.0
5097,47.0
5098,46.0
5099,48.0
5100,48.0
5101,46.0
5102,45.0
5103,46.0
5104,45.0
5105,47.0
5106,46.0
5107,45.0
5108,47.0
5109,46.0
5110,46.0
5111,46.0
5112,47.0
5113,45.0
5114,46.0
5115,48.0
5116,46.0
5117,46.0
5118,46.0
5119,46.0
5120,47.0
5121,49.0
5122,46.0
5123,46.0
5124,46.0
5125,47.0
5126,47.0
5127,48.0
5128,47.0
5129,45.0
5130,46.0
5131,47.0
5132,46.0
5133,47.0
5134,45.0
5135,46.0
5136,46.0
5137,46.0
5138,47.0
5139,47.0
5140,47.0
5141,47.0
5142,46.0
5143,46.0
5144,47.0
5145,47.0
5146,46.0
5147,46.0
5148,46.0
5149,47.0
5150,46.0
5151,47.0
5152,47.0
5153,46.0
5154,47.0
5155,46.0
5156,46.0
5157,48.0
5158,46.0
5159,46.0
5160,46.0
5161,46.0
5162,47.0
5163,46.0
5164,46.0
5165,47.0
5166,45.0
5167,46.0
5168,45.0
5169,46.0
5170,46.0
5171,46.0
5172,47.0
5173,46.0
5174,46.0
5175,48.0
5176,46.0
5177,47.0
5178,48.0
5179,48.0
5180,46.0
5181,46.0
5182,46.0
5183,47.0
5184,45.0
5185,48.0
5186,46.0
5187,47.0
5188,48.0
5189,46.0
5190,46.0
5191,47.0
5192,47.0
5193,47.0
5194,46.0
5195,47.0
5196,46.0
5197,47.0
5198,46.0
5199,47.0
5200,46.0
5201,47.0
5202,48.0
5203,46.0
5204,47.0
5205,46.0
5206,47.0
5207,45.0
5208,46.0
5209,48.0
5210,49.0
5211,46.0
5212,46.0
5213,46.0
5214,47.0
5215,46.0
5216,48.0
5217,46.0
5218,46.0
5219,46.0
5220,47.0
5221,47.0
5222,47.0
5223,46.0
5224,46.0
5225,45.0
5226,46.0
5227,46.0
5228,47.0
5229,46.0
5230,46.0
5231,48.0
5232,47.0
5233,47.0
5234,47.0
5235,46.0
5236,48.0
5237,46.0
5238,46.0
5239,46.0
5240,45.0
5241,47.0
5242,47.0
5243,46.0
5244,46.0
5245,45.0
5246,46.0
5247,48.0
5248,46.0
5249,46.0
5250,47.0
5251,47.0
5252,48.0
5253,47.0
5254,45.0
5255,47.0
5256,46.0
5257,46.0
5258,46.0
5259,48.0
5260,45.0
5261,47.0
5262,46.0
5263,47.0
5264,46.0
5265,48.0
5266,48.0
5267,48.0
5268,46.0
5269,47.0
5270,46.0
5271,47.0
5272,47.0
5273,45.0
5274,49.0
5275,48.0
5276,46.0
5277,46.0
5278,47.0
5279,46.0
5280,46.0
5281,46.0
5282,47.0
5283,49.0
5284,47.0
5285,48.0
5286,45.0
5287,47.0
5288,46.0
5289,48.0
5290,47.0
5291,47.0
5292,46.0
5293,46.0
5294,48.0
5295,47.0
5296,45.0
5297,47.0
5298,46.0
5299,48.0
5300,45.0
5301,46.0
5302,46.0
5303,46.0
5304,46.0
5305,46.0
5306,46.0
5307,49.0
5308,48.0
5309,45.0
5310,47.0
5311,46.0
5312,47.0
5313,45.0
5314,46.0
5315,48.0
5316,49.0
5317,46.0
5318,46.0
5319,46.0
5320,46.0
5321,47.0
5322,45.0
5323,46.0
5324,46.0
5325,48.0
5326,46.0
5327,47.0
5328,46.0
5329,46.0
5330,46.0
5331,47.0
5332,45.0
5333,46.0
5334,47.0
5335,46.0
5336,46.0
5337,46.0
5338,46.0
5339,46.0
5340,46.0
5341,45.0
5342,47.0
5343,48.0
5344,45.0
5345,46.0
5346,46.0
5347,47.0
5348,47.0
5349,48.0
5350,45.0
5351,46.0
5352,47.0
5353,46.0
5354,48.0
5355,46.0
5356,47.0
5357,47.0
5358,47.0
5359,48.0
5360,47.0
5361,46.0
5362,48.0
5363,48.0
5364,46.0
5365,46.0
5366,47.0
5367,46.0
5368,49.0
5369,46.0
5370,47.0
5371,45.0
5372,47.0
5373,46.0
5374,47.0
5375,46.0
5376,48.0
5377,45.0
5378,45.0
5379,46.0
5380,46.0
5381,46.0
5382,46.0
5383,45.0
5384,47.0
5385,45.0
5386,47.0
5387,46.0
5388,48.0
5389,46.0
5390,46.0
5391,49.0
5392,46.0
5393,47.0
5394,45.0
5395,46.0
5396,47.0
5397,46.0
5398,47.0
5399,46.0
5400,47.0
5401,46.0
5402,46.0
5403,47.0
5404,46.0
5405,48.0
5406,46.0
5407,46.0
5408,47.0
5409,47.0
5410,47.0
5411,46.0
5412,46.0
5413,47.0
5414,46.0
5415,46.0
5416,47.0
5417,46.0
5418,48.0
5419,47.0
5420,47.0
5421,45.0
5422,46.0
5423,46.0
5424,46.0
5425,47.0
5426,47.0
5427,46.0
5428,47.0
5429,47.0
5430,46.0
5431,46.0
5432,47.0
5433,46.0
5434,48.0
5435,47.0
5436,46.0
5437,46.0
5438,46.0
5439,47.0
5440,47.0
5441,47.0
5442,46.0
5443,46.0
5444,46.0
5445,48.0
5446,46.0
5447,46.0
5448,47.0
5449,46.0
5450,46.0
5451,46.0
5452,47.0
5453,46.0
5454,46.0
5455,48.0
5456,46.0
5457,47.0
5458,45.0
5459,46.0
5460,48.0
5461,47.0
5462,46.0
5463,48.0
5464,46.0
5465,47.0
5466,47.0
5467,46.0
5468,46.0
5469,46.0
5470,47.0
5471,47.0
5472,45.0
5473,47.0
5474,45.0
5475,46.0
5476,47.0
5477,46.0
5478,46.0
5479,47.0
5480,47.0
5481,47.0
5482,46.0
5483,46.0
5484,47.0
5485,47.0
5486,46.0
5487,45.0
5488,46.0
5489,46.0
5490,49.0
5491,47.0
5492,46.0
5493,47.0
5494,46.0
5495,47.0
5496,46.0
5497,46.0
5498,47.0
5499,46.0
5500,48.0
5501,45.0
5502,47.0
5503,47.0
5504,46.0
5505,47.0
5506,46.0
5507,49.0
5508,46.0
5509,46.0
5510,46.0
5511,46.0
5512,48.0
5513,46.0
5514,47.0
5515,47.0
5516,46.0
5517,46.0
5518,46.0
5519,47.0
5520,47.0
5521,46.0
5522,46.0
5523,46.0
5524,47.0
5525,46.0
5526,47.0
5527,49.0
5528,46.0
5529,47.0
5530,45.0
5531,47.0
5532,48.0
5533,46.0
5534,47.0
5535,46.0
5536,49.0
5537,46.0
5538,47.0
5539,45.0
5540,46.0
5541,47.0
5542,45.0
5543,46.0
5544,47.0
5545,47.0
5546,48.0
5547,46.0
5548,45.0
5549,48.0
5550,48.0
5551,45.0
5552,47.0
5553,47.0
5554,48.0
5555,48.0
5556,45.0
5557,48.0
5558,48.0
5559,48.0
5560,47.0
5561,46.0
5562,48.0
5563,49.0
5564,47.0
5565,47.0
5566,46.0
5567,48.0
5568,48.0
5569,48.0
5570,48.0
5571,47.0
5572,48.0
5573,48.0
5574,48.0
5575,47.0
5576,46.0
5577,48.0
5578,46.0
5579,48.0
5580,49.0
5581,48.0
5582,48.0
5583,46.0
5584,47.0
5585,48.0
5586,48.0
5587,47.0
5588,45.0
5589,48.0
5590,48.0
5591,47.0
5592,47.0
5593,47.0
5594,49.0
5595,48.0
5596,46.0
5597,47.0
5598,48.0
5599,46.0
5600,48.0
5601,47.0
5602,48.0
5603,47.0
5604,47.0
5605,48.0
5606,48.0
5607,47.0
5608,48.0
5609,49.0
5610,48.0
5611,47.0
5612,48.0
5613,47.0
5614,47.0
5615,46.0
5616,49.0
5617,48.0
5618,48.0
5619,47.0
5620,48.0
5621,49.0
5622,47.0
5623,48.0
5624,48.0
5625,46.0
5626,49.0
5627,48.0
5628,46.0
5629,48.0
5630,48.0
5631,48.0
5632,46.0
5633,48.0
5634,48.0
5635,47.0
5636,49.0
5637,48.0
5638,47.0
5639,47.0
5640,47.0
5641,46.0
5642,46.0
5643,48.0
5644,47.0
5645,47.0
5646,46.0
5647,48.0
5648,48.0
5649,46.0
5650,48.0
5651,48.0
5652,48.0
5653,46.0
5654,46.0
5655,48.0
5656,47.0
5657,46.0
5658,46.0
5659,48.0
5660,48.0
5661,47.0
5662,48.0
5663,47.0
5664,47.0
5665,46.0
5666,47.0
5667,48.0
5668,47.0
5669,48.0
5670,46.0
5671,48.0
5672,48.0
5673,47.0
5674,49.0
5675,46.0
5676,47.0
5677,48.0
5678,47.0
5679,47.0
5680,46.0
5681,47.0
5682,48.0
5683,48.0
5684,47.0
5685,48.0
5686,46.0
5687,47.0
5688,48.0
5689,47.0
5690,48.0
5691,46.0
5692,47.0
5693,49.0
5694,48.0
5695,47.0
5696,49.0
5697,47.0
5698,46.0
5699,47.0
5700,47.0
5701,48.0
5702,48.0
5703,48.0
5704,47.0
5705,45.0
5706,48.0
5707,47.0
5708,47.0
5709,48.0
5710,47.0
5711,46.0
5712,47.0
5713,46.0
5714,47.0
5715,48.0
5716,47.0
5717,48.0
5718,48.0
5719,46.0
5720,46.0
5721,46.0
5722,46.0
5723,46.0
5724,47.0
5725,48.0
5726,47.0
5727,47.0
5728,48.0
5729,46.0
5730,46.0
5731,46.0
5732,46.0
5733,49.0
5734,48.0
5735,48.0
5736,48.0
5737,48.0
5738,46.0
5739,47.0
5740,46.0
5741,47.0
5742,48.0
5743,48.0
5744,48.0
5745,49.0
5746,47.0
5747,46.0
5748,46.0
5749,47.0
5750,47.0
5751,47.0
5752,47.0
5753,46.0
5754,47.0
5755,49.0
5756,48.0
5757,47.0
5758,48.0
5759,47.0
5760,46.0
5761,47.0
5762,47.0
5763,48.0
5764,48.0
5765,46.0
5766,47.0
5767,48.0
5768,47.0
5769,47.0
5770,48.0
5771,45.0
5772,49.0
5773,48.0
5774,48.0
5775,49.0
5776,46.0
5777,49.0
5778,48.0
5779,48.0
5780,47.0
5781,46.0
5782,48.0
5783,48.0
5784,48.0
5785,47.0
5786,46.0
5787,48.0
5788,48.0
5789,49.0
5790,45.0
5791,47.0
5792,48.0
5793,47.0
5794,45.0
5795,48.0
5796,48.0
5797,48.0
5798,46.0
5799,48.0
5800,47.0
5801,48.0
5802,46.0
5803,48.0
5804,48.0
5805,48.0
5806,46.0
5807,48.0
5808,47.0
5809,48.0
5810,46.0
5811,48.0
5812,48.0
5813,47.0
5814,49.0
5815,46.0
5816,48.0
5817,48.0
5818,47.0
5819,47.0
5820,45.0
5821,48.0
5822,47.0
5823,45.0
5824,48.0
5825,47.0
5826,46.0
5827,46.0
5828,47.0
5829,46.0
5830,46.0
5831,48.0
5832,48.0
5833,46.0
5834,47.0
5835,48.0
5836,46.0
5837,48.0
5838,48.0
5839,47.0
5840,48.0
5841,47.0
5842,48.0
5843,47.0
5844,47.0
5845,48.0
5846,47.0
5847,47.0
5848,48.0
5849,48.0
5850,46.0
5851,48.0
5852,49.0
5853,48.0
5854,48.0
5855,46.0
5856,48.0
5857,47.0
5858,46.0
5859,48.0
5860,48.0
5861,47.0
5862,47.0
5863,46.0
5864,48.0
5865,48.0
5866,46.0
5867,47.0
5868,47.0
5869,49.0
5870,47.0
5871,47.0
5872,48.0
5873,46.0
5874,46.0
5875,47.0
5876,49.0
5877,48.0
5878,46.0
5879,47.0
5880,46.0
5881,48.0
5882,49.0
5883,47.0
5884,48.0
5885,46.0
5886,48.0
5887,49.0
5888,48.0
5889,48.0
5890,46.0
5891,48.0
5892,48.0
5893,47.0
5894,47.0
5895,47.0
5896,48.0
5897,48.0
5898,47.0
5899,48.0
5900,45.0
5901,47.0
5902,48.0
5903,46.0
5904,47.0
5905,49.0
5906,45.0
5907,48.0
5908,48.0
5909,45.0
5910,48.0
5911,49.0
5912,46.0
5913,48.0
5914,48.0
5915,45.0
5916,48.0
5917,48.0
5918,48.0
5919,48.0
5920,46.0
5921,48.0
5922,47.0
5923,48.0
5924,47.0
5925,48.0
5926,49.0
5927,48.0
5928,47.0
5929,48.0
5930,45.0
5931,47.0
5932,49.0
5933,46.0
5934,48.0
5935,48.0
5936,46.0
5937,45.0
5938,48.0
5939,48.0
5940,46.0
5941,48.0
5942,47.0
5943,48.0
5944,47.0
5945,48.0
5946,47.0
5947,47.0
5948,48.0
5949,48.0
5950,48.0
5951,47.0
5952,48.0
5953,47.0
5954,48.0
5955,47.0
5956,47.0
5957,48.0
5958,46.0
5959,46.0
5960,47.0
5961,48.0
5962,46.0
5963,46.0
5964,48.0
5965,47.0
5966,48.0
5967,46.0
5968,46.0
5969,48.0
5970,47.0
5971,46.0
5972,46.0
5973,47.0
5974,48.0
5975,48.0
5976,45.0
5977,47.0
5978,48.0
5979,46.0
5980,47.0
5981,45.0
5982,47.0
5983,47.0
5984,47.0
5985,49.0
5986,46.0
5987,47.0
5988,47.0
5989,48.0
5990,48.0
5991,48.0
5992,47.0
5993,46.0
5994,48.0
5995,48.0
5996,48.0
5997,49.0
5998,45.0
5999,48.0
6000,47.0
6001,47.0
6002,48.0
6003,47.0
6004,46.0
6005,47.0
6006,46.0
6007,48.0
6008,48.0
6009,48.0
6010,47.0
6011,46.0
6012,47.0
6013,46.0
6014,47.0
6015,48.0
6016,48.0
6017,48.0
6018,49.0
6019,45.0
6020,46.0
6021,48.0
6022,48.0
6023,48.0
6024,47.0
6025,48.0
6026,48.0
6027,46.0
6028,46.0
6029,46.0
6030,46.0
6031,47.0
6032,47.0
6033,48.0
6034,47.0
6035,48.0
6036,48.0
6037,48.0
6038,49.0
6039,45.0
6040,47.0
6041,48.0
6042,47.0
6043,47.0
6044,47.0
6045,47.0
6046,46.0
6047,46.0
6048,47.0
6049,48.0
6050,47.0
6051,47.0
6052,48.0
6053,46.0
6054,47.0
6055,46.0
6056,48.0
6057,48.0
6058,48.0
6059,48.0
6060,45.0
6061,47.0
6062,46.0
6063,48.0
6064,47.0
6065,47.0
6066,46.0
6067,47.0
6068,45.0
6069,47.0
6070,46.0
6071,48.0
6072,46.0
6073,47.0
6074,46.0
6075,48.0
6076,46.0
6077,46.0
6078,47.0
6079,47.0
6080,45.0
6081,47.0
6082,46.0
6083,46.0
6084,47.0
6085,46.0
6086,48.0
6087,47.0
6088,47.0
6089,47.0
6090,46.0
6091,47.0
6092,46.0
6093,46.0
6094,46.0
6095,47.0
6096,48.0
6097,47.0
6098,47.0
6099,48.0
6100,45.0
6101,46.0
6102,46.0
6103,46.0
6104,47.0
6105,45.0
6106,46.0
6107,46.0
6108,46.0
6109,48.0
6110,46.0
6111,45.0
6112,46.0
6113,47.0
6114,46.0
6115,46.0
6116,48.0
6117,46.0
6118,46.0
6119,47.0
6120,47.0
6121,45.0
6122,47.0
6123,49.0
6124,46.0
6125,46.0
6126,48.0
6127,46.0
6128,46.0
6129,48.0
6130,46.0
6131,48.0
6132,46.0
6133,46.0
6134,46.0
6135,46.0
6136,45.0
6137,46.0
6138,46.0
6139,48.0
6140,46.0
6141,46.0
6142,47.0
6143,47.0
6144,47.0
6145,46.0
6146,46.0
6147,45.0
6148,46.0
6149,48.0
6150,47.0
6151,48.0
6152,46.0
6153,46.0
6154,47.0
6155,46.0
6156,47.0
6157,47.0
6158,47.0
6159,46.0
6160,46.0
6161,46.0
6162,47.0
6163,48.0
6164,47.0
6165,47.0
6166,45.0
6167,45.0
6168,47.0
6169,47.0
6170,49.0
6171,47.0
6172,46.0
6173,48.0
6174,46.0
6175,47.0
6176,46.0
6177,45.0
6178,48.0
6179,45.0
6180,46.0
6181,47.0
6182,48.0
6183,47.0
6184,47.0
6185,47.0
6186,48.0
6187,47.0
6188,45.0
6189,48.0
6190,46.0
6191,48.0
6192,46.0
6193,47.0
6194,45.0
6195,46.0
6196,46.0
6197,46.0
6198,47.0
6199,45.0
6200,47.0
6201,45.0
6202,46.0
6203,49.0
6204,46.0
6205,47.0
6206,48.0
6207,46.0
6208,47.0
6209,47.0
6210,45.0
6211,47.0
6212,49.0
6213,47.0
6214,46.0
6215,46.0
6216,46.0
6217,46.0
6218,46.0
6219,47.0
6220,47.0
6221,46.0
6222,48.0
6223,45.0
6224,47.0
6225,46.0
6226,48.0
6227,47.0
6228,46.0
6229,46.0
6230,48.0
6231,46.0
6232,46.0
6233,49.0
6234,46.0
6235,48.0
6236,46.0
6237,49.0
6238,47.0
6239,46.0
6240,46.0
6241,48.0
6242,46.0
6243,46.0
6244,46.0
6245,46.0
6246,47.0
6247,46.0
6248,46.0
6249,48.0
6250,46.0
6251,47.0
6252,46.0
6253,48.0
6254,47.0
6255,47.0
6256,46.0
6257,46.0
6258,47.0
6259,46.0
6260,46.0
6261,47.0
6262,48.0
6263,47.0
6264,46.0
6265,47.0
6266,46.0
6267,47.0
6268,46.0
6269,46.0
6270,47.0
6271,47.0
6272,46.0
6273,48.0
6274,45.0
6275,47.0
6276,46.0
6277,45.0
6278,46.0
6279,46.0
6280,46.0
6281,47.0
6282,46.0
6283,45.0
6284,47.0
6285,46.0
6286,46.0
6287,46.0
6288,47.0
6289,46.0
6290,46.0
6291,48.0
6292,48.0
6293,45.0
6294,46.0
6295,47.0
6296,46.0
6297,48.0
6298,46.0
6299,46.0
6300,47.0
6301,46.0
6302,47.0
6303,46.0
6304,45.0
6305,47.0
6306,46.0
6307,46.0
6308,46.0
6309,47.0
6310,47.0
6311,46.0
6312,46.0
6313,46.0
6314,46.0
6315,46.0
6316,48.0
6317,46.0
6318,45.0
6319,47.0
6320,47.0
6321,46.0
6322,47.0
6323,48.0
6324,47.0
6325,47.0
6326,47.0
6327,46.0
6328,47.0
6329,47.0
6330,48.0
6331,47.0
6332,46.0
6333,47.0
6334,47.0
6335,46.0
6336,46.0
6337,47.0
6338,46.0
6339,47.0
6340,45.0
6341,45.0
6342,48.0
6343,46.0
6344,46.0
6345,47.0
6346,47.0
6347,46.0
6348,46.0
6349,48.0
6350,46.0
6351,46.0
6352,47.0
6353,46.0
6354,47.0
6355,47.0
6356,46.0
6357,45.0
6358,47.0
6359,47.0
6360,46.0
6361,46.0
6362,46.0
6363,46.0
6364,46.0
6365,46.0
6366,46.0
6367,47.0
6368,46.0
6369,47.0
6370,46.0
6371,48.0
6372,46.0
6373,46.0
6374,46.0
6375,46.0
6376,46.0
6377,46.0
6378,47.0
6379,47.0
6380,47.0
6381,46.0
6382,46.0
6383,47.0
6384,46.0
6385,46.0
6386,47.0
6387,47.0
6388,46.0
6389,47.0
6390,45.0
6391,48.0
6392,45.0
6393,46.0
6394,46.0
6395,46.0
6396,47.0
6397,47.0
6398,48.0
6399,46.0
6400,47.0
6401,48.0
6402,46.0
6403,47.0
6404,45.0
6405,46.0
6406,46.0
6407,46.0
6408,47.0
6409,45.0
6410,46.0
6411,48.0
6412,46.0
6413,45.0
6414,46.0
6415,46.0
6416,47.0
6417,48.0
6418,47.0
6419,47.0
6420,48.0
6421,46.0
6422,45.0
6423,48.0
6424,46.0
6425,46.0
6426,46.0
6427,47.0
6428,45.0
6429,47.0
6430,46.0
6431,46.0
6432,47.0
6433,47.0
6434,47.0
6435,45.0
6436,46.0
6437,46.0
6438,47.0
6439,46.0
6440,46.0
6441,46.0
6442,47.0
6443,46.0
6444,45.0
6445,47.0
6446,46.0
6447,48.0
6448,45.0
6449,46.0
6450,46.0
6451,46.0
6452,48.0
6453,45.0
6454,46.0
6455,47.0
6456,46.0
6457,47.0
6458,47.0
6459,48.0
6460,45.0
6461,46.0
6462,46.0
6463,46.0
6464,48.0
6465,46.0
6466,47.0
6467,45.0
6468,46.0
6469,45.0
6470,46.0
6471,47.0
6472,46.0
6473,45.0
6474,47.0
6475,47.0
6476,48.0
6477,47.0
6478,48.0
6479,45.0
6480,46.0
6481,48.0
6482,47.0
6483,46.0
6484,47.0
6485,47.0
6486,48.0
6487,46.0
6488,46.0
6489,49.0
6490,46.0
6491,45.0
6492,46.0
6493,46.0
6494,49.0
6495,46.0
6496,46.0
6497,47.0
6498,47.0
6499,46.0
6500,49.0
6501,46.0
6502,47.0
6503,45.0
6504,47.0
6505,47.0
6506,46.0
6507,47.0
6508,47.0
6509,46.0
6510,46.0
6511,48.0
6512,46.0
6513,45.0
6514,48.0
6515,47.0
6516,46.0
6517,45.0
6518,47.0
6519,46.0
6520,46.0
6521,48.0
6522,46.0
6523,46.0
6524,49.0
6525,46.0
6526,47.0
6527,48.0
6528,45.0
6529,47.0
6530,46.0
6531,48.0
6532,48.0
6533,46.0
6534,47.0
6535,45.0
6536,47.0
6537,47.0
6538,46.0
6539,46.0
6540,46.0
6541,47.0
6542,48.0
6543,46.0
6544,46.0
6545,48.0
6546,46.0
6547,46.0
6548,46.0
6549,48.0
6550,46.0
6551,46.0
6552,47.0
6553,48.0
6554,47.0
6555,45.0
6556,46.0
6557,47.0
6558,46.0
6559,46.0
6560,47.0
6561,46.0
6562,48.0
6563,48.0
6564,46.0
6565,45.0
6566,47.0
6567,46.0
6568,47.0
6569,47.0
6570,46.0
6571,46.0
6572,46.0
6573,48.0
6574,47.0
6575,47.0
6576,48.0
6577,46.0
6578,46.0
6579,47.0
6580,46.0
6581,47.0
6582,48.0
6583,48.0
6584,48.0
6585,48.0
6586,46.0
6587,46.0
6588,46.0
6589,47.0
6590,48.0
6591,47.0
6592,47.0
6593,48.0
6594,46.0
6595,47.0
6596,46.0
6597,47.0
6598,46.0
6599,47.0
6600,48.0
6601,47.0
6602,48.0
6603,48.0
6604,48.0
6605,46.0
6606,46.0
6607,46.0
6608,47.0
6609,48.0
6610,48.0
6611,47.0
6612,48.0
6613,46.0
6614,45.0
6615,48.0
6616,48.0
6617,48.0
6618,49.0
6619,46.0
6620,47.0
6621,48.0
6622,47.0
6623,48.0
6624,48.0
6625,48.0
6626,47.0
6627,46.0
6628,48.0
6629,48.0
6630,48.0
6631,48.0
6632,45.0
6633,48.0
6634,47.0
6635,47.0
6636,46.0
6637,47.0
6638,46.0
6639,47.0
6640,48.0
6641,49.0
6642,47.0
6643,46.0
6644,47.0
6645,47.0
6646,48.0
6647,47.0
6648,46.0
6649,47.0
6650,47.0
6651,46.0
6652,47.0
6653,48.0
6654,48.0
6655,47.0
6656,46.0
6657,48.0
6658,46.0
6659,49.0
6660,45.0
6661,48.0
6662,47.0
6663,49.0
6664,47.0
6665,46.0
6666,48.0
6667,48.0
6668,45.0
6669,48.0
6670,48.0
6671,48.0
6672,46.0
6673,47.0
6674,48.0
6675,48.0
6676,46.0
6677,48.0
6678,49.0
6679,45.0
6680,47.0
6681,48.0
6682,46.0
6683,45.0
6684,47.0
6685,48.0
6686,47.0
6687,47.0
6688,48.0
6689,47.0
6690,47.0
6691,48.0
6692,46.0
6693,47.0
6694,48.0
6695,48.0
6696,46.0
6697,48.0
6698,48.0
6699,46.0
6700,48.0
6701,48.0
6702,47.0
6703,48.0
6704,48.0
6705,48.0
6706,47.0
6707,48.0
6708,47.0
6709,47.0
6710,46.0
6711,49.0
6712,47.0
6713,46.0
6714,48.0
6715,47.0
6716,45.0
6717,49.0
6718,48.0
6719,46.0
6720,47.0
6721,49.0
6722,48.0
6723,48.0
6724,46.0
6725,48.0
6726,48.0
6727,45.0
6728,48.0
6729,48.0
6730,48.0
6731,48.0
6732,48.0
6733,48.0
6734,48.0
6735,47.0
6736,48.0
6737,48.0
6738,46.0
6739,47.0
6740,48.0
6741,48.0
6742,48.0
6743,47.0
6744,45.0
6745,48.0
6746,49.0
6747,49.0
6748,48.0
6749,46.0
6750,47.0
6751,47.0
6752,49.0
6753,48.0
6754,48.0
6755,48.0
6756,46.0
6757,48.0
6758,48.0
6759,46.0
6760,48.0
6761,46.0
6762,48.0
6763,48.0
6764,47.0
6765,47.0
6766,47.0
6767,48.0
6768,47.0
6769,46.0
6770,49.0
6771,48.0
6772,47.0
6773,47.0
6774,49.0
6775,46.0
6776,48.0
6777,48.0
6778,47.0
6779,47.0
6780,49.0
6781,48.0
6782,48.0
6783,46.0
6784,48.0
6785,47.0
6786,48.0
6787,48.0
6788,48.0
6789,48.0
6790,47.0
6791,48.0
6792,47.0
6793,47.0
6794,48.0
6795,47.0
6796,45.0
6797,48.0
6798,48.0
6799,46.0
6800,48.0
6801,48.0
6802,49.0
6803,47.0
6804,48.0
6805,48.0
6806,46.0
6807,49.0
6808,48.0
6809,47.0
6810,46.0
6811,47.0
6812,47.0
6813,46.0
6814,47.0
6815,48.0
6816,49.0
6817,45.0
6818,47.0
6819,48.0
6820,47.0
6821,45.0
6822,48.0
6823,48.0
6824,46.0
6825,45.0
6826,48.0
6827,47.0
6828,48.0
6829,46.0
6830,48.0
6831,47.0
6832,48.0
6833,46.0
6834,46.0
6835,48.0
6836,47.0
6837,46.0
6838,46.0
6839,48.0
6840,48.0
6841,47.0
6842,46.0
6843,46.0
6844,47.0
6845,48.0
6846,48.0
6847,47.0
6848,46.0
6849,48.0
6850,47.0
6851,48.0
6852,47.0
6853,45.0
6854,49.0
6855,48.0
6856,48.0
6857,48.0
6858,46.0
6859,47.0
6860,46.0
6861,48.0
6862,48.0
6863,48.0
6864,46.0
6865,47.0
6866,48.0
6867,47.0
6868,47.0
6869,46.0
6870,46.0
6871,46.0
6872,49.0
6873,48.0
6874,47.0
6875,48.0
6876,48.0
6877,47.0
6878,46.0
6879,47.0
6880,46.0
6881,48.0
6882,48.0
6883,49.0
6884,48.0
6885,47.0
6886,46.0
6887,46.0
6888,49.0
6889,48.0
6890,48.0
6891,48.0
6892,48.0
6893,48.0
6894,46.0
6895,47.0
6896,46.0
6897,47.0
6898,46.0
6899,47.0
6900,48.0
6901,48.0
6902,48.0
6903,49.0
6904,45.0
6905,46.0
6906,46.0
6907,47.0
6908,48.0
6909,47.0
6910,48.0
6911,49.0
6912,47.0
6913,46.0
6914,47.0
6915,48.0
6916,48.0
6917,48.0
6918,48.0
6919,48.0
6920,46.0
6921,46.0
6922,46.0
6923,48.0
6924,47.0
6925,48.0
6926,46.0
6927,46.0
6928,48.0
6929,47.0
6930,47.0
6931,46.0
6932,46.0
6933,46.0
6934,48.0
6935,48.0
6936,48.0
6937,46.0
6938,46.0
6939,48.0
6940,48.0
6941,47.0
6942,47.0
6943,46.0
6944,47.0
6945,48.0
6946,48.0
6947,47.0
6948,46.0
6949,48.0
6950,47.0
6951,49.0
6952,46.0
6953,47.0
6954,47.0
6955,47.0
6956,47.0
6957,46.0
6958,48.0
6959,47.0
6960,49.0
6961,47.0
6962,46.0
6963,48.0
6964,48.0
6965,46.0
6966,47.0
6967,48.0
6968,48.0
6969,47.0
6970,47.0
6971,47.0
6972,47.0
6973,48.0
6974,48.0
6975,47.0
6976,48.0
6977,46.0
6978,48.0
6979,47.0
6980,46.0
6981,49.0
6982,48.0
6983,48.0
6984,45.0
6985,49.0
6986,48.0
6987,48.0
6988,47.0
6989,47.0
6990,47.0
6991,47.0
6992,48.0
6993,48.0
6994,47.0
6995,49.0
6996,47.0
6997,47.0
6998,48.0
6999,47.0
7000,46.0
7001,49.0
7002,47.0
7003,48.0
7004,46.0
7005,48.0
7006,49.0
7007,47.0
7008,48.0
7009,46.0
7010,48.0
7011,48.0
7012,46.0
7013,48.0
7014,48.0
7015,46.0
7016,48.0
7017,48.0
7018,46.0
7019,48.0
7020,48.0
7021,47.0
7022,48.0
7023,47.0
7024,47.0
7025,48.0
7026,45.0
7027,47.0
7028,49.0
7029,48.0
7030,47.0
7031,46.0
7032,48.0
7033,49.0
7034,45.0
7035,48.0
7036,46.0
7037,48.0
7038,48.0
7039,47.0
7040,47.0
7041,47.0
7042,48.0
7043,48.0
7044,47.0
7045,47.0
7046,46.0
7047,48.0
7048,48.0
7049,48.0
7050,48.0
7051,47.0
7052,48.0
7053,45.0
7054,47.0
7055,48.0
7056,48.0
7057,46.0
7058,46.0
7059,48.0
7060,47.0
7061,46.0
7062,47.0
7063,47.0
7064,49.0
7065,49.0
7066,47.0
7067,48.0
7068,48.0
7069,46.0
7070,47.0
7071,46.0
7072,48.0
7073,48.0
7074,47.0
7075,47.0
7076,48.0
7077,47.0
7078,48.0
7079,48.0
7080,48.0
7081,48.0
7082,45.0
7083,48.0
7084,47.0
7085,48.0
7086,46.0
7087,48.0
7088,48.0
7089,49.0
7090,48.0
7091,47.0
7092,48.0
7093,48.0
7094,45.0
7095,48.0
7096,48.0
7097,47.0
7098,48.0
7099,47.0
7100,49.0
7101,46.0
7102,48.0
7103,47.0
7104,49.0
7105,47.0
7106,46.0
7107,48.0
7108,48.0
7109,46.0
7110,47.0
7111,48.0
7112,48.0
7113,49.0
7114,45.0
7115,48.0
7116,48.0
7117,48.0
7118,45.0
7119,49.0
7120,48.0
7121,48.0
7122,49.0
7123,46.0
7124,47.0
7125,48.0
7126,48.0
7127,49.0
7128,46.0
7129,46.0
7130,48.0
7131,48.0
7132,48.0
7133,46.0
7134,46.0
7135,47.0
7136,47.0
7137,48.0
7138,47.0
7139,46.0
7140,45.0
7141,48.0
7142,47.0
7143,48.0
7144,46.0
7145,46.0
7146,47.0
7147,46.0
7148,47.0
7149,47.0
7150,48.0
7151,47.0
7152,46.0
7153,46.0
7154,46.0
7155,48.0
7156,47.0
7157,48.0
7158,48.0
7159,45.0
7160,46.0
7161,48.0
7162,48.0
7163,47.0
7164,47.0
7165,48.0
7166,46.0
7167,46.0
7168,46.0
7169,46.0
7170,47.0
7171,47.0
7172,48.0
7173,47.0
7174,48.0
7175,48.0
7176,48.0
7177,49.0
7178,45.0
7179,46.0
7180,46.0
7181,47.0
7182,48.0
7183,47.0
7184,48.0
7185,49.0
7186,47.0
7187,46.0
7188,47.0
7189,47.0
7190,48.0
7191,48.0
7192,48.0
7193,48.0
7194,46.0
7195,46.0
7196,46.0
7197,48.0
7198,48.0
7199,48.0
7200,48.0
7201,47.0
7202,45.0
7203,49.0
7204,48.0
7205,48.0
7206,48.0
7207,46.0
7208,46.0
7209,48.0
7210,47.0
7211,48.0
7212,46.0
7213,46.0
7214,46.0
7215,48.0
7216,48.0
7217,48.0
7218,48.0
7219,47.0
7220,49.0
7221,46.0
7222,48.0
7223,48.0
7224,45.0
7225,49.0
7226,47.0
7227,48.0
7228,46.0
7229,47.0
7230,49.0
7231,48.0
7232,48.0
7233,46.0
7234,47.0
7235,48.0
7236,48.0
7237,47.0
7238,45.0
7239,48.0
7240,48.0
7241,48.0
7242,47.0
7243,49.0
7244,48.0
7245,47.0
7246,46.0
7247,48.0
7248,48.0
7249,47.0
7250,46.0
7251,47.0
7252,48.0
7253,46.0
7254,47.0
7255,48.0
7256,47.0
7257,47.0
7258,49.0
7259,47.0
7260,48.0
7261,46.0
7262,48.0
7263,47.0
7264,46.0
7265,46.0
7266,48.0
7267,48.0
7268,47.0
7269,47.0
7270,47.0
7271,46.0
7272,48.0
7273,49.0
7274,47.0
7275,48.0
7276,47.0
7277,47.0
7278,49.0
7279,47.0
7280,46.0
7281,46.0
7282,47.0
7283,49.0
7284,48.0
7285,48.0
7286,48.0
7287,47.0
7288,47.0
7289,48.0
7290,47.0
7291,48.0
7292,48.0
7293,48.0
7294,48.0
7295,45.0
7296,47.0
7297,48.0
7298,48.0
7299,46.0
7300,47.0
7301,49.0
7302,47.0
7303,47.0
7304,47.0
7305,48.0
7306,45.0
7307,48.0
7308,47.0
7309,48.0
7310,47.0
7311,46.0
7312,48.0
7313,46.0
7314,48.0
7315,48.0
7316,46.0
7317,47.0
7318,48.0
7319,46.0
7320,47.0
7321,46.0
7322,48.0
7323,49.0
7324,48.0
7325,48.0
7326,48.0
7327,47.0
7328,46.0
7329,47.0
7330,46.0
7331,49.0
7332,48.0
7333,47.0
7334,47.0
7335,49.0
7336,48.0
7337,49.0
7338,46.0
7339,47.0
7340,48.0
7341,48.0
7342,47.0
7343,46.0
7344,48.0
7345,48.0
7346,46.0
7347,47.0
7348,47.0
7349,48.0
7350,48.0
7351,46.0
7352,48.0
7353,48.0
7354,47.0
7355,47.0
7356,47.0
7357,47.0
7358,47.0
7359,45.0
7360,49.0
7361,47.0
7362,46.0
7363,47.0
7364,47.0
7365,46.0
7366,48.0
7367,48.0
7368,46.0
7369,48.0
7370,47.0
7371,46.0
7372,48.0
7373,48.0
7374,48.0
7375,45.0
7376,48.0
7377,48.0
7378,46.0
7379,48.0
7380,48.0
7381,47.0
7382,48.0
7383,47.0
7384,48.0
7385,48.0
7386,47.0
7387,46.0
7388,46.0
7389,47.0
7390,48.0
7391,46.0
7392,49.0
7393,48.0
7394,48.0
7395,45.0
7396,49.0
7397,48.0
7398,46.0
7399,47.0
7400,47.0
7401,47.0
7402,47.0
7403,46.0
7404,48.0
7405,48.0
7406,48.0
7407,48.0
7408,47.0
7409,48.0
7410,46.0
7411,48.0
7412,48.0
7413,47.0
7414,46.0
7415,46.0
7416,48.0
7417,48.0
7418,48.0
7419,46.0
7420,46.0
7421,48.0
7422,48.0
7423,48.0
7424,46.0
7425,46.0
7426,48.0
7427,48.0
7428,48.0
7429,45.0
7430,48.0
7431,47.0
7432,47.0
7433,46.0
7434,46.0
7435,48.0
7436,47.0
7437,48.0
7438,49.0
7439,47.0
7440,46.0
7441,48.0
7442,48.0
7443,48.0
7444,48.0
7445,46.0
7446,46.0
7447,46.0
7448,48.0
7449,48.0
7450,48.0
7451,48.0
7452,46.0
7453,46.0
7454,48.0
7455,48.0
7456,47.0
7457,48.0
7458,46.0
7459,46.0
7460,47.0
7461,46.0
7462,48.0
7463,47.0
7464,48.0
7465,48.0
7466,46.0
7467,47.0
7468,46.0
7469,46.0
7470,48.0
7471,48.0
7472,47.0
7473,48.0
7474,47.0
7475,47.0
7476,45.0
7477,47.0
7478,46.0
7479,47.0
7480,49.0
7481,48.0
7482,47.0
7483,47.0
7484,48.0
7485,46.0
7486,47.0
7487,46.0
7488,46.0
7489,46.0
7490,48.0
7491,48.0
7492,48.0
7493,47.0
7494,46.0
7495,45.0
7496,48.0
7497,48.0
7498,48.0
7499,48.0
7500,46.0
7501,46.0
7502,46.0
7503,47.0
7504,47.0
7505,48.0
7506,48.0
7507,48.0
7508,46.0
7509,46.0
7510,46.0
7511,48.0
7512,48.0
7513,48.0
7514,45.0
7515,48.0
7516,48.0
7517,47.0
7518,48.0
7519,47.0
7520,46.0
7521,48.0
7522,48.0
7523,48.0
7524,47.0
7525,45.0
7526,49.0
7527,48.0
7528,48.0
7529,47.0
7530,46.0
7531,48.0
7532,48.0
7533,48.0
7534,47.0
7535,47.0
7536,48.0
7537,47.0
7538,48.0
7539,45.0
7540,48.0
7541,47.0
7542,48.0
7543,47.0
7544,49.0
7545,48.0
7546,48.0
7547,46.0
7548,47.0
7549,48.0
7550,48.0
7551,47.0
7552,48.0
7553,47.0
7554,47.0
7555,46.0
7556,48.0
7557,48.0
7558,49.0
7559,48.0
7560,48.0
7561,48.0
7562,47.0
7563,48.0
7564,47.0
7565,48.0
7566,46.0
7567,47.0
7568,47.0
7569,46.0
7570,48.0
7571,48.0
7572,48.0
7573,46.0
7574,48.0
7575,48.0
7576,47.0
7577,48.0
7578,47.0
7579,47.0
7580,48.0
7581,48.0
7582,46.0
7583,48.0
7584,48.0
7585,45.0
7586,48.0
7587,47.0
7588,46.0
7589,48.0
7590,47.0
7591,46.0
7592,48.0
7593,48.0
7594,46.0
7595,48.0
7596,48.0
7597,48.0
7598,48.0
7599,47.0
7600,48.0
7601,48.0
7602,48.0
7603,48.0
7604,46.0
7605,48.0
7606,46.0
7607,48.0
7608,48.0
7609,49.0
7610,48.0
7611,46.0
7612,47.0
7613,48.0
7614,48.0
7615,48.0
7616,45.0
7617,48.0
7618,48.0
7619,48.0
7620,48.0
7621,46.0
7622,48.0
7623,48.0
7624,48.0
7625,47.0
7626,49.0
7627,48.0
7628,48.0
7629,46.0
7630,48.0
7631,47.0
7632,46.0
7633,48.0
7634,48.0
7635,47.0
7636,48.0
7637,49.0
7638,48.0
7639,47.0
7640,48.0
7641,47.0
7642,47.0
7643,46.0
7644,49.0
7645,47.0
7646,46.0
7647,48.0
7648,47.0
7649,46.0
7650,47.0
7651,48.0
7652,48.0
7653,46.0
7654,48.0
7655,48.0
7656,47.0
7657,48.0
7658,48.0
7659,47.0
7660,48.0
7661,48.0
7662,46.0
7663,47.0
7664,47.0
7665,48.0
7666,46.0
7667,47.0
7668,47.0
7669,46.0
7670,48.0
7671,48.0
7672,48.0
7673,47.0
7674,49.0
7675,47.0
7676,48.0
7677,46.0
7678,48.0
7679,47.0
7680,48.0
7681,47.0
7682,48.0
7683,47.0
7684,48.0
7685,46.0
7686,47.0
7687,48.0
7688,48.0
7689,45.0
7690,48.0
7691,47.0
7692,47.0
7693,46.0
7694,47.0
7695,48.0
7696,48.0
7697,46.0
7698,46.0
7699,49.0
7700,48.0
7701,48.0
7702,46.0
7703,46.0
7704,48.0
7705,48.0
7706,48.0
7707,47.0
7708,46.0
7709,47.0
7710,48.0
7711,48.0
7712,47.0
7713,46.0
7714,48.0
7715,47.0
7716,48.0
7717,48.0
7718,47.0
7719,46.0
7720,48.0
7721,48.0
7722,48.0
7723,47.0
7724,46.0
7725,48.0
7726,46.0
7727,48.0
7728,47.0
7729,47.0
7730,47.0
7731,46.0
7732,47.0
7733,48.0
7734,48.0
7735,47.0
7736,47.0
7737,46.0
7738,46.0
7739,46.0
7740,48.0
7741,47.0
7742,48.0
7743,48.0
7744,48.0
7745,46.0
7746,46.0
7747,46.0
7748,46.0
7749,46.0
7750,48.0
7751,48.0
7752,48.0
7753,49.0
7754,48.0
7755,47.0
7756,48.0
7757,45.0
7758,46.0
7759,48.0
7760,47.0
7761,48.0
7762,48.0
7763,48.0
7764,48.0
7765,47.0
7766,46.0
7767,47.0
7768,46.0
7769,47.0
7770,48.0
7771,48.0
7772,48.0
7773,49.0
7774,45.0
7775,47.0
7776,48.0
7777,46.0
7778,49.0
7779,46.0
7780,47.0
7781,46.0
7782,49.0
7783,48.0
7784,48.0
7785,48.0
7786,49.0
7787,46.0
7788,46.0
7789,48.0
7790,47.0
7791,47.0
7792,47.0
7793,46.0
7794,47.0
7795,47.0
7796,47.0
7797,47.0
7798,47.0
7799,45.0
7800,48.0
7801,47.0
7802,48.0
7803,46.0
7804,46.0
7805,48.0
7806,48.0
7807,46.0
7808,46.0
7809,47.0
7810,48.0
7811,48.0
7812,46.0
7813,46.0
7814,48.0
7815,48.0
7816,48.0
7817,47.0
7818,49.0
7819,47.0
7820,48.0
7821,47.0
7822,45.0
7823,48.0
7824,47.0
7825,46.0
7826,45.0
7827,48.0
7828,48.0
7829,46.0
7830,46.0
7831,47.0
7832,48.0
7833,46.0
7834,48.0
7835,48.0
7836,48.0
7837,46.0
7838,48.0
7839,48.0
7840,48.0
7841,47.0
7842,48.0
7843,47.0
7844,46.0
7845,48.0
7846,46.0
7847,47.0
7848,49.0
7849,47.0
7850,48.0
7851,45.0
7852,48.0
7853,48.0
7854,46.0
7855,47.0
7856,47.0
7857,46.0
7858,49.0
7859,48.0
7860,47.0
7861,48.0
7862,47.0
7863,48.0
7864,46.0
7865,48.0
7866,48.0
7867,48.0
7868,48.0
7869,47.0
7870,47.0
7871,48.0
7872,45.0
7873,47.0
7874,48.0
7875,46.0
7876,48.0
7877,48.0
7878,46.0
7879,48.0
7880,49.0
7881,48.0
7882,48.0
7883,46.0
7884,48.0
7885,48.0
7886,46.0
7887,48.0
7888,48.0
7889,48.0
7890,47.0
7891,46.0
7892,48.0
7893,48.0
7894,46.0
7895,48.0
7896,47.0
7897,49.0
7898,48.0
7899,47.0
7900,48.0
7901,48.0
7902,47.0
7903,47.0
7904,49.0
7905,48.0
7906,47.0
7907,47.0
7908,46.0
7909,47.0
7910,49.0
7911,48.0
7912,48.0
7913,46.0
7914,47.0
7915,47.0
7916,49.0
7917,48.0
7918,46.0
7919,48.0
7920,48.0
7921,48.0
7922,47.0
7923,47.0
7924,48.0
7925,48.0
7926,48.0
7927,48.0
7928,48.0
7929,48.0
7930,47.0
7931,46.0
7932,48.0
7933,48.0
7934,45.0
7935,47.0
7936,47.0
7937,48.0
7938,47.0
7939,47.0
7940,49.0
7941,48.0
7942,46.0
7943,48.0
7944,48.0
7945,46.0
7946,48.0
7947,48.0
7948,46.0
7949,48.0
7950,47.0
7951,46.0
7952,47.0
7953,48.0
7954,49.0
7955,48.0
7956,46.0
7957,48.0
7958,48.0
7959,46.0
7960,46.0
7961,47.0
7962,47.0
7963,48.0
7964,46.0
7965,49.0
7966,48.0
7967,47.0
7968,46.0
7969,47.0
7970,49.0
7971,46.0
7972,48.0
7973,48.0
7974,48.0
7975,46.0
7976,48.0
7977,48.0
7978,47.0
7979,47.0
7980,48.0
7981,47.0
7982,48.0
7983,48.0
7984,47.0
7985,49.0
7986,46.0
7987,48.0
7988,47.0
7989,48.0
7990,46.0
7991,49.0
7992,48.0
7993,48.0
7994,46.0
7995,47.0
7996,48.0
7997,48.0
7998,48.0
7999,46.0
8000,48.0
8001,48.0
8002,48.0
8003,49.0
8004,45.0
8005,47.0
8006,48.0
8007,48.0
8008,47.0
8009,46.0
8010,48.0
8011,47.0
8012,49.0
8013,47.0
8014,46.0
8015,47.0
8016,47.0
8017,48.0
8018,47.0
8019,46.0
8020,47.0
8021,48.0
8022,48.0
8023,48.0
8024,46.0
8025,47.0
8026,47.0
8027,48.0
8028,47.0
8029,48.0
8030,46.0
8031,46.0
8032,46.0
8033,47.0
8034,48.0
8035,47.0
8036,48.0
8037,46.0
8038,46.0
8039,47.0
8040,46.0
8041,48.0
8042,47.0
8043,47.0
8044,48.0
8045,46.0
8046,47.0
8047,45.0
8048,47.0
8049,48.0
8050,47.0
8051,48.0
8052,47.0
8053,47.0
8054,46.0
8055,46.0
8056,47.0
8057,46.0
8058,46.0
8059,48.0
8060,48.0
8061,48.0
8062,48.0
8063,47.0
8064,48.0
8065,47.0
8066,47.0
8067,48.0
8068,47.0
8069,48.0
8070,46.0
8071,49.0
8072,46.0
8073,47.0
8074,46.0
8075,47.0
8076,48.0
8077,48.0
8078,48.0
8079,45.0
8080,47.0
8081,46.0
8082,47.0
8083,47.0
8084,48.0
8085,48.0
8086,48.0
8087,47.0
8088,47.0
8089,48.0
8090,47.0
8091,47.0
8092,46.0
8093,47.0
8094,46.0
8095,48.0
8096,48.0
8097,47.0
8098,47.0
8099,46.0
8100,48.0
8101,48.0
8102,48.0
8103,48.0
8104,46.0
8105,47.0
8106,48.0
8107,48.0
8108,48.0
8109,47.0
8110,47.0
8111,48.0
8112,45.0
8113,46.0
8114,48.0
8115,45.0
8116,46.0
8117,46.0
8118,46.0
8119,45.0
8120,46.0
8121,48.0
8122,46.0
8123,46.0
8124,48.0
8125,47.0
8126,47.0
8127,45.0
8128,48.0
8129,46.0
8130,46.0
8131,48.0
8132,46.0
8133,46.0
8134,46.0
8135,46.0
8136,46.0
8137,46.0
8138,47.0
8139,47.0
8140,48.0
8141,46.0
8142,48.0
8143,48.0
8144,46.0
8145,45.0
8146,47.0
8147,47.0
8148,46.0
8149,47.0
8150,46.0
8151,45.0
8152,47.0
8153,47.0
8154,47.0
8155,47.0
8156,49.0
8157,46.0
8158,46.0
8159,48.0
8160,46.0
8161,46.0
8162,48.0
8163,46.0
8164,47.0
8165,45.0
8166,46.0
8167,46.0
8168,46.0
8169,47.0
8170,46.0
8171,46.0
8172,48.0
8173,46.0
8174,46.0
8175,47.0
8176,45.0
8177,47.0
8178,46.0
8179,48.0
8180,46.0
8181,46.0
8182,47.0
8183,46.0
8184,47.0
8185,47.0
8186,48.0
8187,47.0
8188,48.0
8189,46.0
8190,45.0
8191,46.0
8192,46.0
8193,48.0
8194,47.0
8195,47.0
8196,46.0
8197,47.0
8198,48.0
8199,46.0
8200,46.0
8201,47.0
8202,47.0
8203,48.0
8204,47.0
8205,47.0
8206,48.0
8207,47.0
8208,46.0
8209,48.0
8210,46.0
8211,48.0
8212,45.0
8213,46.0
8214,47.0
8215,47.0
8216,45.0
8217,47.0
8218,47.0
8219,46.0
8220,47.0
8221,47.0
8222,48.0
8223,45.0
8224,46.0
8225,48.0
8226,46.0
8227,46.0
8228,47.0
8229,46.0
8230,46.0
8231,47.0
8232,45.0
8233,46.0
8234,49.0
8235,47.0
8236,47.0
8237,48.0
8238,46.0
8239,47.0
8240,45.0
8241,47.0
8242,47.0
8243,46.0
8244,47.0
8245,47.0
8246,47.0
8247,49.0
8248,46.0
8249,47.0
8250,47.0
8251,48.0
8252,46.0
8253,45.0
8254,48.0
8255,45.0
8256,46.0
8257,45.0
8258,46.0
8259,45.0
8260,46.0
8261,46.0
8262,46.0
8263,47.0
8264,46.0
8265,47.0
8266,46.0
8267,47.0
8268,46.0
8269,48.0
8270,46.0
8271,46.0
8272,47.0
8273,47.0
8274,45.0
8275,47.0
8276,46.0
8277,48.0
8278,46.0
8279,46.0
8280,47.0
8281,47.0
8282,48.0
8283,47.0
8284,47.0
8285,46.0
8286,47.0
8287,46.0
8288,46.0
8289,47.0
8290,46.0
8291,46.0
8292,46.0
8293,46.0
8294,47.0
8295,45.0
8296,46.0
8297,47.0
8298,45.0
8299,46.0
8300,46.0
8301,47.0
8302,46.0
8303,46.0
8304,45.0
8305,47.0
8306,46.0
8307,48.0
8308,46.0
8309,47.0
8310,47.0
8311,46.0
8312,46.0
8313,47.0
8314,48.0
8315,46.0
8316,46.0
8317,47.0
8318,46.0
8319,46.0
8320,46.0
8321,48.0
8322,47.0
8323,47.0
8324,46.0
8325,46.0
8326,46.0
8327,46.0
8328,45.0
8329,46.0
8330,46.0
8331,47.0
8332,46.0
8333,47.0
8334,46.0
8335,46.0
8336,46.0
8337,48.0
8338,46.0
8339,46.0
8340,46.0
8341,47.0
8342,47.0
8343,46.0
8344,46.0
8345,46.0
8346,47.0
8347,46.0
8348,46.0
8349,46.0
8350,48.0
8351,46.0
8352,48.0
8353,47.0
8354,46.0
8355,47.0
8356,47.0
8357,46.0
8358,46.0
8359,46.0
8360,48.0
8361,46.0
8362,46.0
8363,47.0
8364,45.0
8365,47.0
8366,46.0
8367,46.0
8368,48.0
8369,46.0
8370,46.0
8371,47.0
8372,48.0
8373,46.0
8374,47.0
8375,46.0
8376,46.0
8377,47.0
8378,46.0
8379,46.0
8380,47.0
8381,47.0
8382,47.0
8383,46.0
8384,47.0
8385,47.0
8386,48.0
8387,46.0
8388,47.0
8389,47.0
8390,46.0
8391,47.0
8392,47.0
8393,46.0
8394,47.0
8395,46.0
8396,46.0
8397,47.0
8398,47.0
8399,46.0
8400,48.0
8401,46.0
8402,47.0
8403,46.0
8404,46.0
8405,47.0
8406,47.0
8407,46.0
8408,49.0
8409,46.0
8410,46.0
8411,46.0
8412,48.0
8413,46.0
8414,45.0
8415,46.0
8416,47.0
8417,47.0
8418,46.0
8419,48.0
8420,47.0
8421,46.0
8422,47.0
8423,48.0
8424,47.0
8425,46.0
8426,46.0
8427,46.0
8428,47.0
8429,46.0
8430,47.0
8431,47.0
8432,46.0
8433,49.0
8434,46.0
8435,45.0
8436,48.0
8437,45.0
8438,46.0
8439,48.0
8440,46.0
8441,46.0
8442,48.0
8443,46.0
8444,45.0
8445,48.0
8446,46.0
8447,46.0
8448,49.0
8449,47.0
8450,46.0
8451,47.0
8452,47.0
8453,46.0
8454,48.0
8455,46.0
8456,46.0
8457,46.0
8458,46.0
8459,46.0
8460,46.0
8461,47.0
8462,47.0
8463,46.0
8464,46.0
8465,47.0
8466,46.0
8467,47.0
8468,45.0
8469,46.0
8470,49.0
8471,46.0
8472,46.0
8473,46.0
8474,46.0
8475,48.0
8476,46.0
8477,47.0
8478,46.0
8479,46.0
8480,46.0
8481,46.0
8482,47.0
8483,46.0
8484,46.0
8485,46.0
8486,47.0
8487,48.0
8488,47.0
8489,46.0
8490,46.0
8491,46.0
8492,47.0
8493,47.0
8494,48.0
8495,46.0
8496,46.0
8497,47.0
8498,46.0
8499,48.0
8500,46.0
8501,48.0
8502,45.0
8503,46.0
8504,47.0
8505,47.0
8506,48.0
8507,47.0
8508,46.0
8509,48.0
8510,47.0
8511,48.0
8512,45.0
8513,46.0
8514,48.0
8515,46.0
8516,46.0
8517,47.0
8518,47.0
8519,46.0
8520,47.0
8521,46.0
8522,47.0
8523,46.0
8524,46.0
8525,48.0
8526,47.0
8527,46.0
8528,46.0
8529,47.0
8530,46.0
8531,46.0
8532,46.0
8533,47.0
8534,46.0
8535,46.0
8536,48.0
8537,45.0
8538,47.0
8539,47.0
8540,46.0
8541,47.0
8542,46.0
8543,48.0
8544,47.0
8545,46.0
8546,46.0
8547,46.0
8548,46.0
8549,48.0
8550,45.0
8551,46.0
8552,46.0
8553,46.0
8554,47.0
8555,48.0
8556,46.0
8557,46.0
8558,45.0
8559,49.0
8560,47.0
8561,46.0
8562,46.0
8563,46.0
8564,46.0
8565,47.0
8566,48.0
8567,45.0
8568,47.0
8569,45.0
8570,47.0
8571,46.0
8572,46.0
8573,46.0
8574,47.0
8575,47.0
8576,46.0
8577,45.0
8578,46.0
8579,46.0
8580,46.0
8581,45.0
8582,48.0
8583,46.0
8584,46.0
8585,47.0
8586,48.0
8587,48.0
8588,47.0
8589,46.0
8590,46.0
8591,48.0
8592,46.0
8593,46.0
8594,47.0
8595,47.0
8596,47.0
8597,46.0
8598,46.0
8599,46.0
8600,48.0
8601,46.0
8602,47.0
8603,47.0
8604,46.0
8605,47.0
8606,48.0
8607,46.0
8608,47.0
8609,46.0
8610,47.0
8611,47.0
8612,46.0
8613,46.0
8614,46.0
8615,47.0
8616,46.0
8617,47.0
8618,45.0
8619,46.0
8620,47.0
8621,46.0
8622,49.0
8623,48.0
8624,47.0
8625,48.0
8626,48.0
8627,48.0
8628,48.0
8629,46.0
8630,47.0
8631,46.0
8632,48.0
8633,48.0
8634,47.0
8635,47.0
8636,48.0
8637,45.0
8638,49.0
8639,48.0
8640,47.0
8641,48.0
8642,49.0
8643,47.0
8644,46.0
8645,47.0
8646,48.0
8647,48.0
8648,48.0
8649,46.0
8650,46.0
8651,46.0
8652,48.0
8653,48.0
8654,48.0
8655,47.0
8656,46.0
8657,48.0
8658,47.0
8659,47.0
8660,48.0
8661,47.0
8662,46.0
8663,48.0
8664,47.0
8665,48.0
8666,47.0
8667,45.0
8668,48.0
8669,48.0
8670,48.0
8671,47.0
8672,45.0
8673,48.0
8674,48.0
8675,48.0
8676,48.0
8677,48.0
8678,47.0
8679,47.0
8680,48.0
8681,48.0
8682,48.0
8683,47.0
8684,46.0
8685,46.0
8686,48.0
8687,47.0
8688,46.0
8689,46.0
8690,47.0
8691,47.0
8692,48.0
8693,46.0
8694,48.0
8695,48.0
8696,46.0
8697,46.0
8698,48.0
8699,48.0
8700,47.0
8701,48.0
8702,47.0
8703,47.0
8704,47.0
8705,48.0
8706,49.0
8707,46.0
8708,48.0
8709,47.0
8710,47.0
8711,45.0
8712,48.0
8713,48.0
8714,46.0
8715,47.0
8716,47.0
8717,46.0
8718,48.0
8719,48.0
8720,47.0
8721,47.0
8722,47.0
8723,47.0
8724,46.0
8725,48.0
8726,49.0
8727,47.0
8728,47.0
8729,47.0
8730,47.0
8731,48.0
8732,46.0
8733,48.0
8734,47.0
8735,46.0
8736,48.0
8737,48.0
8738,47.0
8739,48.0
8740,48.0
8741,47.0
8742,48.0
8743,49.0
8744,47.0
8745,48.0
8746,48.0
8747,48.0
8748,47.0
8749,46.0
8750,48.0
8751,48.0
8752,48.0
8753,48.0
8754,47.0
8755,49.0
8756,47.0
8757,47.0
8758,48.0
8759,45.0
8760,47.0
8761,49.0
8762,49.0
8763,47.0
8764,46.0
8765,47.0
8766,49.0
8767,49.0
8768,48.0
8769,46.0
8770,48.0
8771,48.0
8772,48.0
8773,49.0
8774,48.0
8775,48.0
8776,46.0
8777,48.0
8778,48.0
8779,48.0
8780,48.0
8781,46.0
8782,48.0
8783,48.0
8784,48.0
8785,48.0
8786,45.0
8787,47.0
8788,48.0
8789,46.0
8790,46.0
8791,46.0
8792,49.0
8793,47.0
8794,46.0
8795,47.0
8796,48.0
8797,45.0
8798,48.0
8799,48.0
8800,48.0
8801,47.0
8802,47.0
8803,49.0
8804,48.0
8805,46.0
8806,48.0
8807,48.0
8808,46.0
8809,48.0
8810,48.0
8811,46.0
8812,48.0
8813,48.0
8814,48.0
8815,48.0
8816,47.0
8817,48.0
8818,48.0
8819,47.0
8820,48.0
8821,46.0
8822,47.0
8823,49.0
8824,46.0
8825,48.0
8826,48.0
8827,47.0
8828,48.0
8829,48.0
8830,48.0
8831,46.0
8832,48.0
8833,48.0
8834,46.0
8835,48.0
8836,48.0
8837,48.0
8838,48.0
8839,49.0
8840,48.0
8841,47.0
8842,46.0
8843,48.0
8844,48.0
8845,45.0
8846,48.0
8847,48.0
8848,49.0
8849,46.0
8850,47.0
8851,48.0
8852,48.0
8853,46.0
8854,47.0
8855,48.0
8856,48.0
8857,47.0
8858,45.0
8859,48.0
8860,48.0
8861,48.0
8862,47.0
8863,48.0
8864,47.0
8865,47.0
8866,46.0
8867,48.0
8868,48.0
8869,47.0
8870,48.0
8871,47.0
8872,46.0
8873,48.0
8874,48.0
8875,48.0
8876,47.0
8877,47.0
8878,47.0
8879,48.0
8880,47.0
8881,47.0
8882,46.0
8883,47.0
8884,47.0
8885,48.0
8886,47.0
8887,48.0
8888,46.0
8889,47.0
8890,48.0
8891,47.0
8892,48.0
8893,46.0
8894,47.0
8895,47.0
8896,47.0
8897,47.0
8898,47.0
8899,48.0
8900,48.0
8901,47.0
8902,46.0
8903,46.0
8904,48.0
8905,48.0
8906,47.0
8907,48.0
8908,47.0
8909,46.0
8910,45.0
8911,48.0
8912,48.0
8913,47.0
8914,48.0
8915,48.0
8916,46.0
8917,46.0
8918,46.0
8919,46.0
8920,46.0
8921,46.0
8922,47.0
8923,48.0
8924,48.0
8925,48.0
8926,49.0
8927,48.0
8928,46.0
8929,46.0
8930,48.0
8931,48.0
8932,48.0
8933,48.0
8934,49.0
8935,49.0
8936,47.0
8937,46.0
8938,47.0
8939,49.0
8940,48.0
8941,48.0
8942,48.0
8943,47.0
8944,46.0
8945,47.0
8946,48.0
8947,48.0
8948,47.0
8949,48.0
8950,48.0
8951,45.0
8952,49.0
8953,48.0
8954,48.0
8955,46.0
8956,47.0
8957,47.0
8958,48.0
8959,47.0
8960,48.0
8961,47.0
8962,46.0
8963,47.0
8964,47.0
8965,48.0
8966,48.0
8967,46.0
8968,47.0
8969,49.0
8970,47.0
8971,47.0
8972,48.0
8973,48.0
8974,48.0
8975,47.0
8976,46.0
8977,46.0
8978,49.0
8979,48.0
8980,48.0
8981,46.0
8982,46.0
8983,48.0
8984,48.0
8985,48.0
8986,46.0
8987,48.0
8988,47.0
8989,48.0
8990,47.0
8991,47.0
8992,48.0
8993,47.0
8994,46.0
8995,47.0
8996,47.0
8997,49.0
8998,46.0
8999,48.0
9000,47.0
9001,46.0
9002,49.0
9003,48.0
9004,48.0
9005,46.0
9006,48.0
9007,47.0
9008,48.0
9009,47.0
9010,48.0
9011,47.0
9012,47.0
9013,46.0
9014,48.0
9015,48.0
9016,47.0
9017,48.0
9018,47.0
9019,46.0
9020,47.0
9021,47.0
9022,45.0
9023,48.0
9024,48.0
9025,46.0
9026,48.0
9027,47.0
9028,46.0
9029,49.0
9030,48.0
9031,46.0
9032,48.0
9033,47.0
9034,46.0
9035,47.0
9036,48.0
9037,46.0
9038,48.0
9039,47.0
9040,46.0
9041,48.0
9042,48.0
9043,47.0
9044,48.0
9045,48.0
9046,48.0
9047,47.0
9048,48.0
9049,48.0
9050,48.0
9051,45.0
9052,48.0
9053,48.0
9054,48.0
9055,47.0
9056,46.0
9057,48.0
9058,48.0
9059,47.0
9060,47.0
9061,46.0
9062,47.0
9063,48.0
9064,46.0
9065,48.0
9066,46.0
9067,48.0
9068,48.0
9069,48.0
9070,48.0
9071,46.0
9072,48.0
9073,48.0
9074,48.0
9075,48.0
9076,48.0
9077,47.0
9078,46.0
9079,48.0
9080,49.0
9081,48.0
9082,48.0
9083,46.0
9084,48.0
9085,49.0
9086,49.0
9087,47.0
9088,46.0
9089,48.0
9090,48.0
9091,48.0
9092,47.0
9093,47.0
9094,48.0
9095,47.0
9096,46.0
9097,48.0
9098,47.0
9099,46.0
9100,48.0
9101,48.0
9102,47.0
9103,48.0
9104,45.0
9105,47.0
9106,48.0
9107,47.0
9108,47.0
9109,47.0
9110,46.0
9111,48.0
9112,48.0
9113,46.0
9114,48.0
9115,49.0
9116,47.0
9117,48.0
9118,47.0
9119,47.0
9120,49.0
9121,48.0
9122,46.0
9123,46.0
9124,47.0
9125,46.0
9126,46.0
9127,47.0
9128,48.0
9129,47.0
9130,48.0
9131,48.0
9132,46.0
9133,45.0
9134,46.0
9135,48.0
9136,48.0
9137,46.0
9138,46.0
9139,46.0
9140,47.0
9141,46.0
9142,46.0
9143,46.0
9144,47.0
9145,47.0
9146,45.0
9147,46.0
9148,46.0
9149,46.0
9150,46.0
9151,47.0
9152,47.0
9153,46.0
9154,48.0
9155,48.0
9156,46.0
9157,45.0
9158,47.0
9159,46.0
9160,47.0
9161,47.0
9162,46.0
9163,46.0
9164,46.0
9165,47.0
9166,46.0
9167,46.0
9168,46.0
9169,46.0
9170,46.0
9171,46.0
9172,46.0
9173,48.0
9174,46.0
9175,45.0
9176,47.0
9177,46.0
9178,47.0
9179,47.0
9180,46.0
9181,46.0
9182,46.0
9183,47.0
9184,46.0
9185,45.0
9186,47.0
9187,46.0
9188,47.0
9189,46.0
9190,46.0
9191,48.0
9192,46.0
9193,46.0
9194,47.0
9195,46.0
9196,46.0
9197,47.0
9198,47.0
9199,48.0
9200,47.0
9201,46.0
9202,46.0
9203,46.0
9204,46.0
9205,47.0
9206,46.0
9207,47.0
9208,46.0
9209,46.0
9210,47.0
9211,46.0
9212,46.0
9213,47.0
9214,46.0
9215,48.0
9216,46.0
9217,47.0
9218,47.0
9219,47.0
9220,46.0
9221,45.0
9222,46.0
9223,48.0
9224,46.0
9225,45.0
9226,46.0
9227,46.0
9228,48.0
9229,46.0
9230,46.0
9231,47.0
9232,47.0
9233,48.0
9234,47.0
9235,45.0
9236,46.0
9237,47.0
9238,46.0
9239,49.0
9240,47.0
9241,47.0
9242,46.0
9243,45.0
9244,48.0
9245,47.0
9246,47.0
9247,46.0
9248,46.0
9249,47.0
9250,46.0
9251,46.0
9252,47.0
9253,48.0
9254,48.0
9255,45.0
9256,46.0
9257,46.0
9258,46.0
9259,45.0
9260,46.0
9261,47.0
9262,46.0
9263,47.0
9264,46.0
9265,46.0
9266,48.0
9267,46.0
9268,47.0
9269,47.0
9270,46.0
9271,46.0
9272,47.0
9273,47.0
9274,47.0
9275,46.0
9276,46.0
9277,47.0
9278,46.0
9279,46.0
9280,47.0
9281,47.0
9282,46.0
9283,47.0
9284,48.0
9285,47.0
9286,46.0
9287,46.0
9288,48.0
9289,46.0
9290,46.0
9291,47.0
9292,46.0
9293,46.0
9294,48.0
9295,48.0
9296,46.0
9297,45.0
9298,48.0
9299,46.0
9300,46.0
9301,47.0
9302,46.0
9303,47.0
9304,46.0
9305,47.0
9306,46.0
9307,47.0
9308,45.0
9309,47.0
9310,49.0
9311,46.0
9312,47.0
9313,48.0
9314,45.0
9315,47.0
9316,49.0
9317,46.0
9318,45.0
9319,47.0
9320,47.0
9321,46.0
9322,47.0
9323,47.0
9324,48.0
9325,46.0
9326,47.0
9327,49.0
9328,46.0
9329,48.0
9330,46.0
9331,46.0
9332,49.0
9333,47.0
9334,46.0
9335,47.0
9336,47.0
9337,48.0
9338,48.0
9339,46.0
9340,46.0
9341,46.0
9342,48.0
9343,46.0
9344,46.0
9345,46.0
9346,46.0
9347,48.0
9348,47.0
9349,47.0
9350,45.0
9351,46.0
9352,47.0
9353,46.0
9354,49.0
9355,47.0
9356,47.0
9357,46.0
9358,47.0
9359,46.0
9360,46.0
9361,49.0
9362,46.0
9363,48.0
9364,45.0
9365,47.0
9366,46.0
9367,46.0
9368,47.0
9369,46.0
9370,46.0
9371,48.0
9372,47.0
9373,47.0
9374,46.0
9375,47.0
9376,48.0
9377,46.0
9378,47.0
9379,46.0
9380,46.0
9381,46.0
9382,46.0
9383,47.0
9384,48.0
9385,46.0
9386,46.0
9387,48.0
9388,47.0
9389,46.0
9390,49.0
9391,47.0
9392,45.0
9393,48.0
9394,47.0
9395,46.0
9396,47.0
9397,47.0
9398,45.0
9399,46.0
9400,46.0
9401,46.0
9402,46.0
9403,47.0
9404,46.0
9405,47.0
9406,46.0
9407,46.0
9408,46.0
9409,47.0
9410,46.0
9411,48.0
9412,47.0
9413,46.0
9414,46.0
9415,47.0
9416,46.0
9417,46.0
9418,46.0
9419,46.0
9420,47.0
9421,48.0
9422,45.0
9423,47.0
9424,46.0
9425,46.0
9426,48.0
9427,46.0
9428,47.0
9429,46.0
9430,47.0
9431,47.0
9432,48.0
9433,46.0
9434,47.0
9435,46.0
9436,48.0
9437,45.0
9438,47.0
9439,46.0
9440,48.0
9441,45.0
9442,46.0
9443,47.0
9444,48.0
9445,47.0
9446,47.0
9447,45.0
9448,47.0
9449,46.0
9450,46.0
9451,47.0
9452,46.0
9453,49.0
9454,47.0
9455,47.0
9456,46.0
9457,48.0
9458,46.0
9459,45.0
9460,46.0
9461,46.0
9462,46.0
9463,46.0
9464,46.0
9465,47.0
9466,47.0
9467,48.0
9468,47.0
9469,45.0
9470,46.0
9471,47.0
9472,47.0
9473,47.0
9474,47.0
9475,46.0
9476,46.0
9477,45.0
9478,47.0
9479,47.0
9480,47.0
9481,46.0
9482,46.0
9483,46.0
9484,47.0
9485,46.0
9486,46.0
9487,45.0
9488,46.0
9489,47.0
9490,46.0
9491,47.0
9492,46.0
9493,46.0
9494,46.0
9495,46.0
9496,47.0
9497,46.0
9498,45.0
9499,47.0
9500,46.0
9501,46.0
9502,46.0
9503,46.0
9504,46.0
9505,46.0
9506,47.0
9507,46.0
9508,46.0
9509,46.0
9510,46.0
9511,47.0
9512,47.0
9513,46.0
9514,46.0
9515,47.0
9516,46.0
9517,45.0
9518,46.0
9519,46.0
9520,46.0
9521,47.0
9522,46.0
9523,46.0
9524,46.0
9525,49.0
9526,46.0
9527,46.0
9528,46.0
9529,46.0
9530,47.0
9531,47.0
9532,46.0
9533,47.0
9534,46.0
9535,47.0
9536,46.0
9537,46.0
9538,47.0
9539,47.0
9540,46.0
9541,46.0
9542,46.0
9543,46.0
9544,46.0
9545,46.0
9546,47.0
9547,46.0
9548,48.0
9549,46.0
9550,46.0
9551,47.0
9552,46.0
9553,48.0
9554,47.0
9555,47.0
9556,47.0
9557,47.0
9558,48.0
9559,46.0
9560,46.0
9561,46.0
9562,46.0
9563,46.0
9564,46.0
9565,45.0
9566,48.0
9567,45.0
9568,47.0
9569,46.0
9570,46.0
9571,46.0
9572,46.0
9573,47.0
9574,46.0
9575,47.0
9576,46.0
9577,46.0
9578,46.0
9579,46.0
9580,46.0
9581,46.0
9582,46.0
9583,46.0
9584,46.0
9585,47.0
9586,48.0
9587,46.0
9588,47.0
9589,45.0
9590,47.0
9591,46.0
9592,46.0
9593,46.0
9594,46.0
9595,46.0
9596,47.0
9597,48.0
9598,46.0
9599,46.0
9600,47.0
9601,47.0
9602,46.0
9603,46.0
9604,47.0
9605,46.0
9606,47.0
9607,45.0
9608,47.0
9609,46.0
9610,46.0
9611,47.0
9612,47.0
9613,46.0
9614,46.0
9615,46.0
9616,46.0
9617,47.0
9618,48.0
9619,46.0
9620,46.0
9621,48.0
9622,46.0
9623,46.0
9624,49.0
9625,47.0
9626,46.0
9627,48.0
9628,48.0
9629,48.0
9630,45.0
9631,47.0
9632,48.0
9633,46.0
9634,46.0
9635,49.0
9636,46.0
9637,45.0
9638,48.0
9639,47.0
9640,47.0
9641,47.0
9642,46.0
9643,46.0
9644,47.0
9645,48.0
9646,45.0
9647,46.0
9648,47.0
9649,46.0
9650,48.0
9651,46.0
9652,46.0
9653,45.0
9654,46.0
9655,49.0
9656,47.0
9657,45.0
9658,47.0
9659,46.0
9660,47.0
9661,47.0
9662,49.0
9663,45.0
9664,48.0
9665,47.0
9666,45.0
9667,47.0
9668,47.0
9669,48.0
9670,46.0
9671,46.0
9672,46.0
9673,47.0
9674,48.0
9675,46.0
9676,45.0
9677,46.0
9678,47.0
9679,46.0
9680,47.0
9681,47.0
9682,46.0
9683,47.0
9684,48.0
9685,46.0
9686,45.0
9687,47.0
9688,47.0
9689,45.0
9690,47.0
9691,47.0
9692,46.0
9693,46.0
9694,47.0
9695,47.0
9696,45.0
9697,47.0
9698,48.0
9699,46.0
9700,45.0
9701,47.0
9702,46.0
9703,46.0
9704,48.0
9705,46.0
9706,47.0
9707,48.0
9708,47.0
9709,46.0
9710,46.0
9711,46.0
9712,47.0
9713,49.0
9714,46.0
9715,46.0
9716,46.0
9717,47.0
9718,46.0
9719,47.0
9720,45.0
9721,47.0
9722,46.0
9723,46.0
9724,46.0
9725,46.0
9726,48.0
9727,46.0
9728,46.0
9729,46.0
9730,47.0
9731,46.0
9732,45.0
9733,48.0
9734,46.0
9735,46.0
9736,46.0
9737,48.0
9738,47.0
9739,45.0
9740,48.0
9741,47.0
9742,47.0
9743,46.0
9744,46.0
9745,46.0
9746,46.0
9747,46.0
9748,48.0
9749,48.0
9750,46.0
9751,46.0
9752,46.0
9753,46.0
9754,46.0
9755,47.0
9756,46.0
9757,46.0
9758,46.0
9759,46.0
9760,47.0
9761,48.0
9762,46.0
9763,45.0
9764,46.0
9765,47.0
9766,46.0
9767,47.0
9768,47.0
9769,47.0
9770,46.0
9771,49.0
9772,46.0
9773,47.0
9774,46.0
9775,46.0
9776,46.0
9777,48.0
9778,46.0
9779,46.0
9780,47.0
9781,46.0
9782,47.0
9783,46.0
9784,46.0
9785,47.0
9786,47.0
9787,46.0
9788,47.0
9789,48.0
9790,46.0
9791,47.0
9792,46.0
9793,46.0
9794,46.0
9795,46.0
9796,46.0
9797,46.0
9798,48.0
9799,46.0
9800,45.0
9801,46.0
9802,46.0
9803,47.0
9804,46.0
9805,46.0
9806,46.0
9807,47.0
9808,45.0
9809,46.0
9810,46.0
9811,46.0
9812,46.0
9813,47.0
9814,47.0
9815,46.0
9816,46.0
9817,48.0
9818,48.0
9819,47.0
9820,46.0
9821,46.0
9822,47.0
9823,47.0
9824,46.0
9825,46.0
9826,47.0
9827,49.0
9828,46.0
9829,45.0
9830,46.0
9831,47.0
9832,47.0
9833,47.0
9834,46.0
9835,46.0
9836,46.0
9837,47.0
9838,46.0
9839,46.0
9840,48.0
9841,46.0
9842,46.0
9843,47.0
9844,47.0
9845,46.0
9846,47.0
9847,45.0
9848,46.0
9849,47.0
9850,46.0
9851,47.0
9852,47.0
9853,46.0
9854,46.0
9855,46.0
9856,47.0
9857,48.0
9858,46.0
9859,47.0
9860,46.0
9861,47.0
9862,46.0
9863,46.0
9864,46.0
9865,47.0
9866,47.0
9867,47.0
9868,46.0
9869,46.0
9870,47.0
9871,46.0
9872,46.0
9873,47.0
9874,46.0
9875,46.0
9876,47.0
9877,46.0
9878,46.0
9879,49.0
9880,46.0
9881,46.0
9882,47.0
9883,49.0
9884,47.0
9885,47.0
9886,46.0
9887,48.0
9888,46.0
9889,46.0
9890,47.0
9891,46.0
9892,47.0
9893,47.0
9894,46.0
9895,46.0
9896,46.0
9897,47.0
9898,47.0
9899,46.0
9900,46.0
9901,46.0
9902,46.0
9903,46.0
9904,47.0
9905,48.0
9906,46.0
9907,47.0
9908,48.0
9909,46.0
9910,46.0
9911,48.0
9912,46.0
9913,47.0
9914,46.0
9915,46.0
9916,46.0
9917,46.0
9918,48.0
9919,46.0
9920,45.0
9921,47.0
9922,47.0
9923,45.0
9924,46.0
9925,48.0
9926,46.0
9927,46.0
9928,47.0
9929,47.0
9930,46.0
9931,47.0
9932,49.0
9933,46.0
9934,46.0
9935,48.0
9936,45.0
9937,46.0
9938,47.0
9939,46.0
9940,47.0
9941,45.0
9942,47.0
9943,48.0
9944,46.0
9945,45.0
9946,46.0
9947,47.0
9948,46.0
9949,46.0
9950,46.0
9951,48.0
9952,46.0
9953,47.0
9954,45.0
9955,46.0
9956,46.0
9957,47.0
9958,48.0
9959,46.0
9960,46.0
9961,46.0
9962,46.0
9963,49.0
9964,46.0
9965,47.0
9966,46.0
9967,45.0
9968,46.0
9969,46.0
9970,49.0
9971,47.0
9972,45.0
9973,47.0
9974,47.0
9975,47.0
9976,47.0
9977,49.0
9978,47.0
9979,45.0
9980,47.0
9981,47.0
9982,48.0
9983,47.0
9984,46.0
9985,46.0
9986,46.0
9987,48.0
9988,45.0
9989,46.0
9990,47.0
9991,47.0
9992,45.0
9993,47.0
9994,47.0
9995,48.0
9996,47.0
9997,45.0
9998,45.0
9999,46.0
